N,P,K,temperature,humidity,ph,rainfall,label
103.04,15.53,57.04,26.98,93.37,6.35,20.0,muskmelon
105.5,15.26,56.27,26.93,87.55,6.23,67.76,watermelon
49.59,60.36,54.6,33.86,94.03,6.1,131.5,papaya
45.21,66.73,33.89,34.61,92.54,7.31,149.86,papaya
25.53,120.05,210.0,25.36,94.49,6.66,92.1,apple
22.95,27.7,28.04,32.66,49.12,5.51,96.57,mango
17.99,145.14,207.11,22.34,90.0,6.32,122.59,apple
18.19,65.53,12.33,24.75,55.38,7.37,44.72,mothbeans
22.56,46.25,22.85,29.13,84.23,6.01,68.71,mungbean
23.28,69.36,19.64,23.4,49.79,6.59,39.05,lentil
47.04,65.43,16.84,29.88,77.15,7.4,63.87,blackgram
21.77,16.31,31.67,27.12,97.65,6.12,164.85,coconut
19.11,17.75,48.98,21.79,89.01,7.06,106.05,pomegranate
58.23,37.02,34.82,22.02,80.94,7.6,190.82,jute
15.18,17.44,27.33,28.57,96.39,6.12,189.03,coconut
21.0,19.85,42.56,22.17,92.82,5.66,108.77,pomegranate
16.74,123.35,201.88,20.92,91.38,5.66,135.56,apple
75.09,58.09,16.65,24.53,77.0,6.3,83.15,maize
46.05,66.01,58.59,32.72,91.5,6.57,117.89,papaya
117.54,15.84,61.83,27.85,95.17,6.05,26.86,muskmelon
110.51,16.34,22.51,25.15,49.89,6.74,135.98,coffee
51.99,60.42,47.41,33.32,91.44,6.84,164.98,papaya
19.41,10.01,13.75,22.51,88.29,6.22,103.14,orange
50.64,66.91,35.43,34.32,94.23,6.92,131.52,papaya
42.17,66.81,69.37,22.57,16.4,7.46,87.86,chickpea
64.39,45.82,32.53,25.73,77.71,6.44,168.24,jute
20.36,44.01,23.14,24.8,82.22,7.32,48.6,mungbean
23.15,21.8,5.0,19.43,90.98,6.89,94.33,orange
26.56,68.66,62.91,31.68,46.59,6.0,165.56,pigeonpeas
91.88,52.25,46.46,22.73,80.8,6.16,278.72,rice
16.79,15.55,42.93,18.0,87.49,6.27,76.33,pomegranate
22.19,54.39,29.77,27.33,63.9,6.86,44.2,mothbeans
68.77,49.72,40.86,23.03,85.58,6.32,168.12,jute
9.74,64.0,21.79,26.33,53.92,6.41,20.0,lentil
71.93,50.71,46.2,25.43,75.2,6.67,158.32,jute
36.9,49.58,16.26,30.04,68.98,7.69,74.9,blackgram
60.64,50.17,44.23,23.53,84.14,6.47,173.99,jute
39.68,71.94,84.71,22.54,14.16,7.43,118.78,chickpea
43.18,75.01,83.99,21.1,14.32,8.05,69.54,chickpea
22.06,68.51,81.66,19.72,23.81,5.01,90.5,kidneybeans
50.81,74.18,56.91,33.61,93.32,6.1,168.68,papaya
31.99,33.48,29.9,32.37,45.23,6.18,96.84,mango
37.06,61.07,19.9,34.13,65.63,7.1,76.67,blackgram
96.58,45.63,13.74,22.06,68.62,6.33,71.2,maize
18.0,55.67,24.77,31.11,85.98,6.72,40.7,mungbean
82.03,47.67,16.32,21.09,58.41,7.34,71.21,maize
7.66,72.74,75.69,26.65,44.99,5.85,198.52,pigeonpeas
22.13,16.93,39.48,22.09,92.53,5.31,154.53,coconut
79.83,17.06,66.78,28.31,91.6,6.47,20.3,muskmelon
86.77,49.61,11.14,22.41,58.27,6.16,81.67,maize
45.67,73.21,20.76,29.76,70.55,7.14,62.9,blackgram
91.54,28.52,23.02,24.19,62.49,6.71,194.37,coffee
30.45,124.96,210.0,25.86,80.74,6.12,68.1,grapes
19.92,62.97,28.65,28.62,82.14,6.89,50.29,mungbean
102.79,33.28,22.12,24.13,64.9,6.79,173.97,coffee
16.45,80.26,71.77,24.0,19.98,5.88,82.6,kidneybeans
108.41,40.55,55.93,20.55,88.63,7.55,94.67,cotton
20.73,132.85,210.0,20.7,92.82,5.1,91.3,apple
84.54,101.61,46.94,27.61,80.55,5.66,112.38,banana
34.83,57.0,20.12,30.5,58.13,7.59,91.65,blackgram
84.54,16.61,35.19,22.79,78.24,5.91,57.37,watermelon
27.89,13.3,37.9,28.33,90.76,6.17,193.86,coconut
20.45,87.6,20.44,26.56,74.82,6.9,59.65,lentil
17.16,18.77,8.68,20.35,88.22,7.3,93.89,orange
59.25,58.56,51.87,33.62,92.53,6.87,113.61,papaya
19.95,76.42,66.46,26.4,58.38,5.37,154.79,pigeonpeas
10.63,16.89,12.77,20.21,94.32,6.29,96.89,orange
99.44,50.24,41.9,23.1,90.74,6.88,237.09,rice
112.06,17.51,55.49,27.15,94.26,6.25,20.0,muskmelon
24.26,67.27,90.03,24.63,26.17,5.55,203.28,pigeonpeas
89.62,26.63,45.73,32.17,93.12,7.14,30.78,muskmelon
18.68,14.95,34.9,24.06,96.87,5.77,186.46,coconut
64.73,50.99,46.33,25.52,80.89,7.3,177.26,jute
107.35,90.62,53.52,27.71,80.03,6.2,111.68,banana
42.49,82.12,19.73,30.75,69.81,7.48,79.09,blackgram
44.93,50.95,51.71,34.53,92.71,6.62,157.82,papaya
92.29,97.92,55.15,29.08,84.63,6.13,112.95,banana
117.0,52.07,53.07,29.25,76.53,7.26,83.32,cotton
103.05,11.26,51.17,22.72,84.04,6.22,50.37,watermelon
17.69,19.79,11.79,19.49,94.46,7.82,126.93,orange
116.18,10.75,42.01,25.11,58.12,7.44,195.74,coffee
42.36,65.25,74.18,17.78,16.64,7.58,72.5,chickpea
93.23,52.28,27.41,24.81,82.78,7.5,253.63,rice
18.28,47.4,17.31,27.02,44.2,6.86,53.09,mothbeans
14.38,13.57,5.0,22.5,94.12,7.41,132.19,orange
16.89,25.99,24.74,33.51,50.84,6.16,86.95,mango
102.7,32.59,25.52,26.39,53.74,7.38,123.98,coffee
19.29,64.4,30.36,26.17,55.02,6.47,27.94,mothbeans
44.63,57.8,23.41,32.24,64.0,7.74,84.32,blackgram
21.75,14.7,35.72,20.97,88.96,6.29,120.99,pomegranate
74.45,59.21,19.14,22.24,60.12,6.49,119.65,maize
14.64,58.6,23.51,27.34,61.02,6.06,66.65,mothbeans
101.87,37.83,39.14,24.07,76.02,7.19,98.91,cotton
56.23,62.61,47.86,32.54,94.04,6.81,160.93,papaya
19.68,58.4,84.88,24.54,55.58,6.36,121.11,pigeonpeas
20.84,44.25,12.29,30.62,53.57,6.49,39.06,mothbeans
21.16,63.64,79.95,17.96,26.73,5.77,102.94,kidneybeans
103.48,25.64,34.34,23.9,68.82,6.38,135.56,coffee
48.38,68.0,11.06,31.21,63.25,7.56,58.43,blackgram
15.3,58.21,11.26,21.9,58.0,7.14,50.63,lentil
15.82,21.57,28.1,31.09,94.86,6.85,146.83,coconut
85.51,28.6,39.14,21.31,77.27,7.22,208.91,rice
23.16,17.02,12.53,21.28,91.49,6.9,117.66,orange
110.18,10.16,52.13,28.05,92.13,5.81,23.3,muskmelon
101.99,11.87,42.1,27.7,84.44,7.22,36.06,watermelon
24.65,67.64,86.49,20.48,17.6,5.46,93.02,kidneybeans
100.56,16.77,54.96,29.22,82.76,6.7,43.94,watermelon
100.14,81.09,52.13,30.26,83.99,6.07,94.11,banana
23.56,69.4,73.2,25.97,60.2,6.0,131.19,pigeonpeas
20.64,48.68,23.62,26.66,52.61,7.23,59.4,mothbeans
112.79,84.09,53.01,28.76,80.33,6.05,145.08,banana
70.76,28.76,38.85,23.91,74.97,6.5,202.23,jute
117.2,42.47,30.62,22.87,86.18,7.38,76.54,cotton
19.07,17.21,43.83,19.89,87.23,6.88,65.19,pomegranate
26.25,66.07,74.04,28.7,71.61,5.51,178.56,pigeonpeas
42.77,79.58,63.13,19.92,23.1,6.91,43.82,chickpea
78.21,41.03,13.18,24.02,65.85,5.73,103.97,maize
21.26,12.11,21.49,25.74,97.33,6.17,197.93,coconut
20.02,29.52,38.17,16.96,92.0,6.05,90.02,pomegranate
73.93,58.72,26.15,22.01,82.35,6.84,220.24,rice
15.96,70.29,77.99,29.99,45.69,5.71,166.86,pigeonpeas
18.97,130.05,202.87,26.62,78.53,4.99,63.42,grapes
45.25,71.21,16.95,33.77,54.27,7.13,79.94,blackgram
23.91,20.44,16.21,27.15,94.24,5.43,174.86,coconut
38.05,69.94,78.16,18.2,18.91,6.43,60.07,chickpea
43.73,68.71,25.23,31.04,57.11,7.26,60.41,blackgram
24.57,22.26,27.13,24.47,98.91,5.52,212.54,coconut
66.08,38.33,23.49,19.55,58.63,6.58,93.83,maize
101.43,82.79,41.88,28.65,76.6,6.4,84.0,banana
17.13,57.29,19.67,29.84,55.77,6.14,52.0,mothbeans
99.35,76.35,48.33,24.95,82.91,5.95,110.01,banana
27.74,57.29,84.66,17.99,23.92,5.87,109.09,kidneybeans
26.26,14.07,39.22,24.43,89.63,5.98,76.18,pomegranate
30.26,66.46,76.81,21.11,17.97,7.08,76.92,chickpea
25.8,19.18,42.56,26.95,95.06,4.82,167.97,coconut
12.85,24.74,5.83,22.15,91.24,6.23,103.28,orange
26.89,69.19,79.81,26.1,48.54,6.11,150.35,pigeonpeas
98.3,81.59,41.86,26.31,83.15,5.99,86.84,banana
111.21,76.75,42.56,30.91,87.14,5.74,115.91,banana
15.78,125.65,199.98,27.03,91.34,6.4,115.84,apple
19.68,73.83,80.57,19.76,25.69,6.09,165.16,kidneybeans
93.85,11.86,41.58,25.48,95.88,6.84,30.97,muskmelon
27.79,52.4,15.38,24.62,93.25,6.37,73.14,mungbean
17.49,47.16,33.53,29.55,62.69,6.94,57.14,mothbeans
19.23,25.08,28.59,25.09,95.2,6.15,190.1,coconut
78.76,36.08,6.23,22.96,64.27,5.97,85.01,maize
22.74,122.17,197.95,23.04,91.47,6.83,111.3,apple
22.37,5.44,16.76,27.06,95.15,5.28,218.98,coconut
27.63,64.99,74.41,18.35,27.13,5.76,142.59,kidneybeans
26.15,48.47,20.56,34.73,48.76,6.39,47.88,mothbeans
21.97,63.75,31.96,24.83,87.07,6.76,51.68,mungbean
21.74,62.93,19.31,25.49,58.45,7.09,41.96,lentil
101.82,25.38,51.04,25.12,78.97,6.21,58.58,watermelon
5.57,55.41,19.92,26.37,84.01,6.79,45.43,mungbean
11.06,62.38,87.74,27.84,43.28,6.01,160.49,pigeonpeas
11.71,68.46,81.29,28.18,49.23,5.7,116.86,pigeonpeas
22.43,78.6,85.2,26.63,45.39,5.38,113.29,pigeonpeas
19.42,69.94,69.17,17.47,22.56,5.31,87.21,kidneybeans
93.79,43.83,18.6,20.17,67.27,6.88,87.19,maize
80.94,38.2,48.21,21.65,82.89,6.49,167.08,jute
45.73,57.59,56.94,20.85,14.0,7.87,75.97,chickpea
22.21,134.57,208.71,19.54,91.6,5.8,141.85,apple
17.82,12.36,9.12,22.81,92.18,6.6,96.01,orange
120.72,50.03,42.57,31.38,80.13,6.63,62.88,cotton
84.22,49.49,44.51,23.98,76.23,6.41,231.68,rice
19.03,22.5,20.8,27.2,94.78,5.4,167.18,coconut
22.89,129.38,210.0,22.7,82.43,6.02,70.29,grapes
15.93,63.8,21.24,25.95,66.98,7.3,55.55,lentil
93.36,19.73,37.84,27.65,86.91,6.26,65.41,watermelon
15.6,137.38,178.9,22.24,80.34,6.03,81.93,grapes
30.23,139.84,210.0,26.83,82.2,6.1,36.51,grapes
37.69,53.62,29.11,29.37,69.24,6.8,84.11,blackgram
13.3,10.98,40.99,19.4,93.56,5.8,87.36,pomegranate
31.39,63.98,80.38,19.9,16.17,7.72,42.48,chickpea
16.24,15.24,45.48,28.41,93.03,5.73,227.11,coconut
75.71,46.62,12.28,23.75,69.21,6.29,53.81,maize
16.39,70.97,15.59,27.91,63.94,6.69,26.73,lentil
20.73,150.0,208.72,24.9,79.8,5.91,58.21,grapes
86.73,12.77,37.22,20.28,84.17,6.48,33.08,watermelon
73.92,47.97,43.13,20.58,83.83,6.52,175.59,jute
115.02,5.0,25.9,22.18,68.17,7.13,148.32,coffee
97.77,35.09,39.56,24.94,53.06,6.52,152.57,coffee
19.16,78.67,79.5,19.5,20.76,5.93,115.58,kidneybeans
77.86,44.27,38.47,25.13,79.97,6.96,173.22,jute
17.49,50.76,20.77,26.9,49.61,5.9,60.1,mothbeans
12.81,52.4,79.08,22.74,16.08,6.06,141.8,kidneybeans
110.35,89.74,43.61,26.71,73.93,6.11,100.18,banana
21.86,55.91,88.11,21.11,18.98,5.8,94.46,kidneybeans
23.29,16.67,27.85,24.69,97.28,6.46,150.74,coconut
50.17,76.13,51.04,33.02,89.66,6.25,155.03,papaya
51.22,53.91,49.62,34.28,93.37,6.93,143.01,papaya
15.23,55.35,28.71,28.96,82.64,6.24,64.31,mungbean
17.77,27.36,35.31,32.37,49.54,5.27,116.17,mango
17.75,17.21,40.56,21.48,93.48,5.99,104.63,pomegranate
119.37,17.71,45.0,25.54,87.07,6.23,43.89,watermelon
15.47,69.0,68.34,16.88,16.18,5.75,140.47,kidneybeans
77.93,50.22,22.59,24.97,73.23,6.44,75.89,maize
16.56,125.94,182.16,19.01,93.63,5.54,126.43,apple
35.18,59.83,18.28,28.88,70.99,7.06,111.23,blackgram
44.35,74.66,72.34,18.79,18.57,6.88,83.24,chickpea
20.41,138.91,203.26,22.68,84.02,5.53,62.11,grapes
25.64,138.16,195.56,20.81,81.52,6.08,62.85,grapes
104.35,83.54,54.03,28.88,80.48,5.61,84.04,banana
109.69,45.63,37.87,24.54,80.7,7.04,68.02,cotton
89.36,39.93,23.56,25.58,86.29,6.03,255.74,rice
16.61,12.3,40.15,20.14,85.29,6.19,113.79,pomegranate
20.76,45.03,24.45,27.18,84.03,7.1,49.77,mungbean
101.71,84.64,26.94,24.94,80.7,5.9,85.94,banana
72.47,35.78,36.99,23.53,89.04,7.43,206.22,jute
24.67,46.95,28.83,27.45,80.91,6.53,40.35,mungbean
88.44,48.26,24.64,22.67,65.54,6.05,66.41,maize
37.17,47.77,74.89,20.05,19.03,7.85,77.42,chickpea
47.05,61.24,77.92,15.03,16.67,8.2,54.04,chickpea
45.11,73.57,82.16,22.84,21.65,7.06,102.93,chickpea
22.32,133.09,187.56,18.74,93.58,5.55,92.01,apple
79.55,52.73,31.77,23.54,79.79,6.2,236.78,rice
28.01,71.73,71.45,18.54,19.39,5.17,143.36,kidneybeans
41.77,57.32,40.09,31.89,91.5,6.79,190.82,papaya
100.88,17.27,29.39,24.5,71.87,6.57,173.78,coffee
43.44,65.99,8.54,29.47,63.69,7.17,75.99,blackgram
28.7,56.2,79.07,19.39,18.73,5.45,93.95,kidneybeans
19.9,28.59,27.62,33.63,55.7,6.42,66.51,mango
13.92,34.16,35.67,33.59,52.76,5.1,94.85,mango
23.61,13.36,32.05,27.7,97.66,5.77,181.66,coconut
53.1,55.93,52.1,31.96,92.2,6.2,130.94,papaya
28.29,120.24,183.85,21.22,95.32,5.83,100.96,apple
36.98,79.45,66.17,18.22,14.08,7.4,72.61,chickpea
14.28,25.58,38.11,20.8,86.0,6.04,84.18,pomegranate
43.09,74.01,78.63,20.65,14.0,6.89,78.47,chickpea
103.31,15.15,45.32,30.04,97.52,6.72,31.04,muskmelon
28.39,150.0,199.56,27.05,93.49,5.77,102.57,apple
99.38,13.15,51.3,29.73,92.89,6.17,28.27,muskmelon
98.0,21.75,45.79,31.44,90.68,5.84,30.42,muskmelon
13.26,19.41,27.26,30.42,45.39,5.96,101.15,mango
18.9,37.06,33.63,30.19,45.52,5.02,91.72,mango
114.08,53.8,47.61,23.21,85.01,6.84,71.01,cotton
25.04,19.83,28.93,25.15,93.16,5.93,190.28,coconut
14.61,25.06,33.35,20.81,91.98,6.52,148.01,pomegranate
73.57,40.73,46.72,22.0,85.97,6.62,237.5,rice
94.59,21.91,46.53,30.55,95.05,6.22,29.06,muskmelon
111.26,13.82,36.7,27.42,67.22,7.17,181.93,coffee
58.97,66.17,61.73,32.49,90.65,6.79,143.67,papaya
26.74,50.95,20.74,31.94,54.55,6.54,44.79,mothbeans
63.06,47.13,27.6,20.59,70.33,6.32,91.28,maize
16.84,29.63,20.36,36.15,62.78,6.14,70.82,mango
98.87,11.82,52.15,28.23,90.16,6.61,37.94,muskmelon
22.95,71.81,88.57,31.86,54.32,5.53,156.36,pigeonpeas
22.13,51.77,17.23,31.18,83.93,7.11,64.72,mungbean
102.9,28.86,26.82,24.07,43.29,6.78,189.07,coffee
20.56,139.11,207.86,23.33,83.43,6.34,79.16,grapes
23.35,13.48,41.82,28.0,94.24,5.92,204.99,coconut
135.07,50.9,44.05,23.41,72.49,7.17,63.4,cotton
25.31,60.36,72.28,24.35,46.48,5.9,137.04,pigeonpeas
71.2,37.17,55.22,23.31,84.04,6.8,253.15,rice
27.23,142.99,210.0,24.19,87.81,6.21,89.89,apple
13.96,20.73,50.33,15.59,92.48,6.7,85.88,pomegranate
101.22,29.91,27.45,25.23,54.78,6.52,181.94,coffee
51.17,70.77,79.65,17.93,20.61,7.35,83.93,chickpea
116.28,33.7,32.54,24.45,81.85,6.58,84.04,cotton
66.58,54.32,34.01,24.53,78.44,6.97,198.81,jute
18.34,29.0,39.39,32.71,48.36,5.79,104.0,mango
117.65,93.64,40.17,28.96,83.12,5.73,130.25,banana
57.9,74.25,60.25,33.48,90.08,7.26,139.23,papaya
28.55,141.63,192.82,23.15,93.16,4.9,132.29,apple
36.92,65.4,84.0,22.59,23.34,7.85,50.78,chickpea
78.44,34.92,34.86,26.5,77.93,6.63,251.52,rice
18.94,67.78,78.94,28.66,47.81,6.29,128.45,pigeonpeas
20.61,51.11,19.37,33.75,59.33,6.37,30.54,mothbeans
18.82,55.33,23.47,27.39,86.49,6.38,46.16,mungbean
75.62,63.26,41.26,20.49,81.61,6.55,195.01,jute
22.15,25.81,39.59,26.32,87.2,6.13,98.6,pomegranate
20.96,125.52,207.51,23.43,83.7,5.55,80.5,grapes
21.57,36.11,18.05,29.42,57.7,6.25,61.45,mothbeans
92.93,45.35,31.02,21.32,78.47,6.91,164.73,jute
87.06,53.35,18.27,22.8,60.15,6.63,99.23,maize
20.24,8.71,21.84,29.51,95.57,5.55,196.23,coconut
72.43,38.9,9.38,20.37,51.11,5.85,73.86,maize
47.32,85.04,81.0,22.44,14.85,7.01,88.79,chickpea
93.48,81.61,31.57,25.57,78.29,5.85,93.18,banana
95.33,49.29,50.21,24.52,79.49,6.89,243.45,rice
19.72,22.95,27.71,25.69,94.84,6.22,179.44,coconut
70.28,49.81,43.96,21.66,69.91,6.45,192.15,jute
24.33,19.08,38.07,31.05,48.92,5.21,72.14,mango
91.15,16.42,62.56,25.47,94.28,5.91,20.0,muskmelon
22.77,127.35,198.0,23.26,92.68,5.3,110.55,apple
104.22,71.05,45.64,26.25,82.71,5.35,130.77,banana
18.0,64.74,79.32,23.54,34.67,5.43,171.83,pigeonpeas
30.83,59.97,27.71,29.34,62.7,6.25,69.67,blackgram
23.64,25.9,5.0,22.63,93.74,6.55,130.3,orange
44.28,70.48,80.23,20.11,14.0,6.5,76.22,chickpea
108.1,14.93,51.49,28.38,86.96,6.28,52.17,watermelon
103.72,77.95,42.57,27.02,76.33,6.05,112.96,banana
13.58,128.25,202.99,26.48,92.8,6.16,85.75,apple
43.97,56.96,78.87,18.27,20.65,7.59,52.1,chickpea
106.19,23.67,26.69,22.46,55.64,6.09,186.16,coffee
16.36,61.15,93.09,29.83,48.9,5.36,143.24,pigeonpeas
17.45,27.05,12.76,20.69,86.08,7.52,110.5,orange
18.41,132.8,210.0,18.77,97.81,6.51,73.62,apple
28.08,11.32,26.97,26.56,95.2,5.83,200.34,coconut
54.34,64.53,59.25,33.98,94.28,7.42,116.19,papaya
92.44,22.94,57.01,26.93,86.11,6.5,64.71,watermelon
19.22,49.84,16.45,25.68,48.38,6.64,76.75,mothbeans
60.4,51.24,45.6,35.02,93.75,6.79,125.54,papaya
42.03,58.95,75.63,17.8,14.0,7.12,43.74,chickpea
26.02,13.29,54.07,23.11,86.39,6.33,87.41,pomegranate
48.4,70.36,79.17,18.96,22.47,7.49,82.21,chickpea
47.81,57.3,41.78,31.33,92.16,7.24,112.02,papaya
24.16,62.96,16.88,22.15,63.3,7.21,53.11,lentil
16.69,127.54,198.83,18.29,94.34,5.96,108.46,apple
23.23,22.09,50.09,19.53,91.54,6.77,94.12,pomegranate
34.54,76.91,85.97,18.51,21.6,7.18,80.21,chickpea
22.98,29.64,25.95,32.12,46.34,6.07,74.54,mango
37.58,87.87,74.25,18.4,18.82,6.58,48.12,chickpea
16.57,19.98,45.46,19.62,88.65,6.03,72.09,pomegranate
101.14,18.35,48.78,25.75,85.72,7.33,58.54,watermelon
16.76,76.38,77.6,17.88,23.63,5.67,116.7,kidneybeans
20.88,66.89,19.55,25.5,88.63,6.83,49.16,mungbean
98.82,11.56,48.69,29.94,93.66,6.59,31.03,muskmelon
111.9,13.9,59.48,23.02,83.64,6.83,54.62,watermelon
23.88,70.02,91.86,13.62,21.73,6.55,102.55,kidneybeans
85.36,23.64,61.9,27.19,91.29,6.42,36.27,muskmelon
25.05,24.86,39.35,33.13,45.0,5.48,90.87,mango
81.96,36.09,46.42,22.45,80.43,6.17,219.6,rice
47.06,58.93,19.22,29.35,54.71,7.36,57.39,blackgram
45.58,76.43,84.66,21.45,23.23,7.31,64.95,chickpea
104.89,84.29,41.46,27.15,80.62,6.34,110.07,banana
48.91,60.14,7.9,28.82,74.65,7.36,64.69,blackgram
29.96,62.68,71.25,30.72,53.19,5.8,157.86,pigeonpeas
50.22,62.97,59.12,34.54,93.37,6.53,147.63,papaya
19.55,85.38,80.92,28.12,47.44,6.46,124.92,pigeonpeas
28.95,49.3,18.82,29.69,86.22,6.6,47.61,mungbean
21.45,13.05,32.58,27.06,92.03,5.79,188.32,coconut
100.01,44.6,44.4,26.08,85.94,7.03,83.82,cotton
22.43,136.41,203.35,23.47,82.56,6.06,85.39,grapes
26.33,143.86,210.0,20.63,96.76,5.7,116.14,apple
19.33,58.02,23.87,29.45,58.37,6.22,38.13,lentil
121.23,83.78,57.21,26.43,85.92,6.19,123.7,banana
61.71,43.28,31.48,28.51,85.48,6.52,161.66,jute
21.6,138.15,196.13,23.22,94.81,6.96,79.76,apple
24.16,19.19,41.38,22.29,90.85,6.15,110.79,pomegranate
18.13,136.45,175.02,20.37,89.24,6.71,129.78,apple
15.07,38.61,21.73,30.67,88.1,6.8,46.89,mungbean
90.93,11.52,37.49,27.34,93.13,6.75,29.94,muskmelon
103.12,42.92,22.25,24.03,52.68,6.78,131.74,coffee
96.68,26.56,34.24,26.45,58.98,7.66,178.52,coffee
21.28,62.25,89.58,27.34,66.64,6.68,190.18,pigeonpeas
95.93,47.01,49.51,23.58,79.56,6.53,192.65,jute
21.29,69.51,88.29,18.8,30.51,5.43,64.61,kidneybeans
92.27,92.29,49.33,29.51,81.13,6.18,60.16,banana
102.43,43.38,19.5,22.73,71.79,6.13,90.33,maize
89.28,36.82,40.02,26.47,78.49,6.81,217.15,jute
64.67,46.66,13.77,24.84,77.97,6.38,49.38,maize
24.58,72.86,73.78,27.14,55.9,5.18,143.53,pigeonpeas
20.49,25.55,26.65,32.59,44.51,5.63,102.87,mango
21.84,60.6,81.58,21.66,21.8,5.66,111.51,kidneybeans
14.25,14.66,33.04,26.15,88.51,6.26,98.27,pomegranate
94.32,19.2,42.79,23.34,84.37,6.63,40.43,watermelon
29.36,64.64,15.58,30.43,62.5,7.84,68.52,blackgram
94.83,58.21,26.31,21.0,68.82,5.63,81.83,maize
80.17,47.62,40.16,26.95,80.9,6.72,255.6,rice
18.12,42.89,23.35,26.36,60.23,6.98,73.64,mothbeans
21.52,78.47,67.9,20.94,22.86,5.52,95.36,kidneybeans
23.9,27.66,22.31,32.23,49.94,5.99,116.38,mango
113.11,41.33,38.2,27.49,83.18,6.46,76.71,cotton
51.31,45.09,52.99,32.42,93.23,6.49,141.65,papaya
18.29,61.78,12.59,25.96,50.76,7.07,26.23,mothbeans
114.38,52.18,59.2,23.31,82.25,7.04,82.55,cotton
21.37,48.48,16.37,30.3,88.53,5.95,56.37,mungbean
19.91,20.93,8.84,26.57,91.61,6.92,100.08,orange
96.11,42.51,33.97,23.94,78.62,6.76,145.98,jute
46.59,66.7,27.63,28.24,71.31,6.97,49.93,blackgram
22.33,55.02,27.47,33.18,86.02,7.33,80.9,mungbean
92.11,24.82,35.64,23.4,64.35,6.07,201.91,coffee
93.0,82.57,52.63,26.71,88.86,6.28,122.48,banana
16.89,76.21,92.74,28.02,56.18,5.7,188.57,pigeonpeas
55.09,62.18,45.37,36.54,92.84,7.21,146.49,papaya
25.37,125.19,187.68,21.83,91.1,6.23,129.59,apple
15.05,18.74,34.44,17.88,90.43,6.68,83.63,pomegranate
84.37,60.16,13.66,24.83,73.11,6.18,86.04,maize
16.35,22.52,37.55,29.4,52.67,6.09,81.0,mango
29.08,10.12,37.36,28.1,94.01,6.22,166.22,coconut
18.73,140.51,202.14,20.4,92.88,5.82,76.88,apple
17.4,77.63,22.78,23.82,64.64,6.28,43.18,lentil
66.9,36.67,25.77,23.5,79.7,6.37,161.0,jute
15.31,56.83,24.61,29.0,31.36,6.78,65.93,mothbeans
18.66,57.22,16.44,23.86,60.72,6.97,60.81,lentil
23.99,11.91,36.75,26.55,97.44,6.07,154.35,coconut
48.46,69.4,17.87,30.89,61.12,7.59,72.04,blackgram
87.3,41.72,43.72,18.91,78.79,7.34,191.4,jute
19.93,57.51,19.39,30.96,88.05,6.83,43.78,mungbean
116.29,53.07,41.48,25.27,82.85,6.87,110.67,cotton
93.84,17.2,48.24,26.11,86.03,6.76,72.04,watermelon
18.94,142.29,189.51,20.99,94.54,5.6,110.12,apple
28.35,136.94,191.84,21.49,78.14,6.29,78.14,grapes
29.18,18.96,32.03,26.57,92.14,5.63,185.6,coconut
22.21,126.35,191.94,23.32,78.3,5.67,56.34,grapes
102.5,23.97,60.5,26.11,87.47,6.81,63.29,watermelon
85.85,27.14,43.93,23.02,74.16,6.46,177.62,rice
20.47,21.85,27.41,33.07,46.12,5.62,81.46,mango
23.08,22.24,21.9,31.86,52.89,4.9,121.57,mango
97.31,26.63,31.88,20.28,62.36,6.31,153.37,coffee
18.6,10.03,49.85,22.92,92.87,6.22,80.16,pomegranate
84.88,78.35,39.33,28.69,83.08,5.73,95.41,banana
18.21,122.62,200.76,22.02,78.12,6.15,73.66,grapes
87.0,43.36,30.93,27.4,75.88,6.25,178.71,jute
23.82,18.44,10.35,19.8,90.47,6.73,129.81,orange
113.42,36.31,39.9,24.4,78.98,6.51,87.67,cotton
15.25,44.66,43.29,31.25,61.41,6.04,84.44,mango
53.74,57.39,49.29,33.41,92.09,6.4,117.46,papaya
101.13,27.31,54.0,27.06,92.67,6.03,30.73,muskmelon
21.67,49.49,11.0,31.38,45.73,6.42,44.98,mothbeans
88.45,52.84,38.89,25.09,77.71,6.6,190.3,jute
35.21,81.06,66.04,16.07,16.45,7.64,86.03,chickpea
19.05,48.63,16.88,29.85,61.6,5.8,35.08,mothbeans
19.52,18.45,38.45,26.37,89.94,5.48,100.27,pomegranate
119.26,19.97,50.1,29.32,90.33,6.05,38.76,watermelon
21.02,48.79,25.31,28.9,60.72,6.41,62.42,mothbeans
104.65,50.68,58.02,24.53,73.71,7.55,75.72,cotton
56.75,55.65,44.2,32.9,93.96,6.82,116.65,papaya
106.26,20.42,58.25,24.57,89.45,6.33,49.5,watermelon
24.94,34.2,17.43,30.11,43.37,6.17,85.38,mothbeans
71.82,38.11,43.24,22.85,76.61,6.88,229.14,rice
24.18,23.4,39.28,26.84,94.96,4.9,205.46,coconut
17.03,51.57,27.03,30.28,52.36,5.61,56.0,mothbeans
26.26,36.5,23.93,22.39,70.05,7.77,51.91,mothbeans
71.91,35.2,24.54,23.67,64.56,6.73,100.44,maize
90.95,45.24,44.89,22.64,89.34,7.14,192.18,rice
69.43,37.31,25.71,24.93,61.65,6.2,52.45,maize
20.57,14.18,36.93,25.75,94.67,5.39,182.69,coconut
22.98,10.54,18.18,18.4,89.29,6.86,77.21,orange
15.77,19.39,49.04,25.47,87.09,5.87,93.9,pomegranate
22.11,55.49,80.2,20.03,24.77,5.53,100.1,kidneybeans
89.09,18.29,46.87,27.69,84.0,6.17,35.25,watermelon
16.72,43.64,22.69,26.92,80.19,6.34,51.23,mungbean
38.42,62.36,25.85,28.04,61.7,6.81,94.01,blackgram
85.37,45.79,37.11,25.4,81.97,6.13,209.03,rice
70.0,61.41,44.89,23.29,83.6,5.97,195.94,rice
116.74,45.38,48.65,26.11,87.43,7.46,87.98,cotton
112.34,42.47,37.1,22.31,81.36,6.94,97.25,cotton
18.6,72.64,78.21,25.62,45.16,6.2,139.11,pigeonpeas
24.35,14.48,14.33,19.66,89.53,6.66,99.05,orange
42.52,67.48,21.01,29.62,60.94,7.41,55.7,blackgram
14.69,79.45,20.23,18.85,65.18,6.55,78.65,lentil
107.87,78.02,52.82,27.63,82.26,5.83,112.4,banana
21.84,26.22,30.2,33.94,52.81,5.6,102.51,mango
60.79,45.17,16.34,23.59,60.62,6.4,79.37,maize
30.11,131.63,210.0,22.88,95.11,5.29,118.43,apple
19.1,18.8,43.41,18.62,90.08,6.3,117.39,pomegranate
16.35,27.1,24.55,29.23,57.17,6.44,108.37,mango
108.26,37.34,44.35,25.31,76.93,6.51,87.03,cotton
23.57,54.38,22.76,25.93,78.25,6.52,51.12,mungbean
20.72,61.92,67.21,27.07,45.55,6.19,135.97,pigeonpeas
40.04,83.67,85.32,18.01,14.0,6.41,50.63,chickpea
11.9,135.48,210.0,23.54,93.72,6.1,114.48,apple
104.33,27.14,34.59,25.71,59.23,6.1,164.0,coffee
21.78,68.73,58.79,26.92,53.95,5.28,141.29,pigeonpeas
65.02,48.73,56.24,22.58,72.87,6.54,168.07,jute
79.87,56.8,36.98,21.22,85.85,7.39,140.81,jute
58.48,42.96,36.58,24.27,79.42,6.67,178.54,jute
45.75,44.39,42.86,32.43,89.17,6.78,171.67,papaya
14.4,66.34,13.94,21.88,63.38,6.92,45.16,lentil
24.21,138.51,181.86,21.56,90.53,6.21,76.68,grapes
87.22,47.06,49.41,25.34,81.47,6.45,236.72,rice
21.92,18.34,12.94,23.44,92.94,6.7,101.19,orange
18.73,51.82,19.82,28.96,79.84,5.87,43.6,mungbean
17.4,30.05,18.11,30.45,39.68,5.6,93.65,mango
22.71,65.4,72.82,20.21,27.41,4.98,132.15,kidneybeans
22.34,149.93,210.0,20.53,77.02,5.37,67.1,grapes
21.07,43.13,18.39,25.35,83.21,6.49,65.57,mungbean
17.03,9.15,15.22,21.6,88.88,7.25,143.16,orange
15.69,74.96,82.89,27.84,56.22,5.68,143.8,pigeonpeas
104.82,81.38,50.0,24.0,83.77,5.34,103.97,banana
75.15,35.18,62.04,22.15,86.26,6.26,267.38,rice
20.36,65.31,76.38,24.48,33.23,5.94,176.24,pigeonpeas
14.28,9.97,38.72,25.43,88.48,6.34,120.35,pomegranate
98.63,30.41,36.66,27.85,57.55,7.46,152.5,coffee
116.22,20.33,43.66,28.39,90.64,6.98,48.35,muskmelon
34.86,70.78,19.29,28.94,68.93,7.14,51.68,blackgram
52.05,55.95,43.03,34.92,88.98,6.45,164.35,papaya
64.16,54.85,55.4,35.44,94.0,6.96,170.13,papaya
25.86,20.7,58.68,26.28,86.31,6.24,99.96,pomegranate
24.79,81.51,69.29,13.68,20.93,5.44,99.86,kidneybeans
36.13,60.27,86.7,17.07,14.0,7.13,65.96,chickpea
21.12,44.78,19.01,29.93,84.63,6.81,34.89,mungbean
18.36,46.7,25.94,30.41,87.6,7.39,47.8,mungbean
17.13,27.65,28.72,34.22,47.35,5.84,98.17,mango
19.23,68.84,90.58,28.44,38.72,6.18,149.97,pigeonpeas
90.35,15.28,50.45,31.87,93.63,6.51,36.78,muskmelon
22.64,21.28,36.48,31.76,50.15,5.76,110.45,mango
22.08,58.88,24.5,29.27,58.13,6.74,55.81,mothbeans
23.9,69.92,77.56,24.14,40.84,5.14,156.68,pigeonpeas
105.38,18.28,55.93,32.48,93.78,6.22,20.19,muskmelon
72.24,55.78,62.7,22.09,75.92,6.2,207.93,rice
20.42,20.87,51.75,24.18,85.55,5.83,79.38,pomegranate
96.98,19.01,66.06,29.55,96.71,5.91,36.19,muskmelon
24.78,68.58,79.55,32.54,52.13,5.68,114.32,pigeonpeas
21.6,130.11,196.58,25.46,91.92,6.56,91.34,apple
24.99,51.78,20.01,30.43,86.46,6.11,39.7,mungbean
96.09,47.86,37.13,21.85,79.99,5.72,234.16,rice
26.73,77.51,81.95,16.24,15.96,6.02,92.57,kidneybeans
14.26,150.0,186.33,22.26,91.12,6.38,108.5,apple
72.31,51.85,22.92,24.89,80.83,6.24,216.71,rice
20.68,38.83,23.51,29.5,50.76,5.38,78.18,mango
45.32,59.7,43.15,33.52,93.84,6.67,115.23,papaya
15.38,40.44,21.58,27.75,51.46,6.72,46.97,mothbeans
115.69,63.74,52.13,25.6,82.81,7.48,80.68,cotton
19.1,13.38,46.3,24.59,91.92,6.49,133.34,pomegranate
27.74,64.06,72.4,27.88,44.01,5.52,147.44,pigeonpeas
39.85,55.55,42.73,32.88,96.76,6.54,158.26,papaya
16.1,68.31,19.12,27.54,73.6,6.1,58.79,lentil
86.42,47.33,7.89,24.51,61.75,6.72,75.76,maize
37.67,67.81,78.64,23.73,16.99,6.68,70.37,chickpea
94.84,19.15,53.41,32.6,96.91,6.71,22.38,muskmelon
117.07,42.38,34.99,22.44,83.84,7.13,96.14,cotton
26.17,66.7,84.76,17.46,22.19,5.59,132.26,kidneybeans
34.05,91.84,87.21,14.15,16.64,7.25,75.08,chickpea
22.69,34.66,20.34,25.9,81.84,6.18,45.67,mungbean
99.76,24.62,32.87,24.91,57.35,6.23,162.53,coffee
94.32,26.39,29.73,24.38,56.06,6.4,155.0,coffee
21.69,16.56,12.79,24.72,92.56,7.22,124.54,orange
99.09,18.43,40.64,25.91,89.27,5.81,69.64,watermelon
16.53,15.55,12.84,25.71,94.43,7.01,93.3,orange
23.71,131.4,205.94,24.94,77.6,5.95,67.11,grapes
111.69,29.84,26.02,27.6,60.37,7.01,156.5,coffee
25.07,61.03,89.74,26.57,51.27,5.65,116.09,pigeonpeas
17.56,37.0,20.69,28.68,50.96,5.4,93.58,mango
17.62,140.51,185.96,24.8,90.46,5.4,88.54,apple
19.45,31.07,32.15,31.4,58.0,6.04,118.51,mango
22.77,20.59,55.85,23.72,93.07,6.53,121.26,pomegranate
98.19,35.02,25.53,25.67,56.74,6.67,156.82,coffee
25.48,68.14,83.8,28.8,37.53,6.11,154.37,pigeonpeas
105.64,27.73,28.9,25.57,67.61,7.07,167.13,coffee
19.35,109.41,203.96,23.39,79.05,6.21,80.34,grapes
120.02,51.43,43.35,20.82,77.98,6.7,102.35,cotton
13.21,12.54,33.76,24.28,89.36,6.46,88.52,pomegranate
57.26,80.67,43.99,32.55,94.53,6.96,177.26,papaya
15.04,141.33,176.98,22.08,92.38,5.61,149.03,apple
38.73,65.66,25.83,26.89,61.9,7.29,69.92,blackgram
17.93,82.07,83.55,30.45,49.88,5.97,157.24,pigeonpeas
104.84,13.68,50.49,22.97,83.2,6.68,55.6,watermelon
58.59,66.95,42.57,36.53,89.84,6.36,162.85,papaya
44.23,63.99,16.23,29.23,63.62,7.23,64.09,blackgram
24.71,120.78,203.25,25.54,77.65,6.13,72.43,grapes
27.12,72.17,10.2,22.06,61.9,6.64,70.2,lentil
84.71,44.16,43.35,25.48,85.36,6.24,255.42,rice
100.27,36.02,34.89,25.56,58.01,7.2,141.01,coffee
55.65,58.16,54.65,33.07,90.99,6.24,172.3,papaya
47.06,63.24,80.18,16.69,16.19,7.22,65.54,chickpea
108.16,31.82,25.64,27.02,61.41,6.96,162.41,coffee
60.84,45.21,45.42,25.29,88.69,6.21,161.59,jute
23.99,56.37,8.86,26.96,51.99,6.25,32.1,mothbeans
17.94,15.88,39.33,22.62,85.56,7.68,127.63,pomegranate
55.33,53.2,44.41,36.03,91.88,6.99,160.74,papaya
14.91,61.57,80.5,24.42,51.64,5.94,102.6,pigeonpeas
19.76,135.23,210.0,24.04,92.69,6.66,114.45,apple
22.31,63.04,76.16,21.68,23.02,5.43,115.63,kidneybeans
20.4,9.79,11.32,22.54,84.85,6.91,117.01,orange
19.48,52.76,15.12,28.55,65.83,6.58,35.37,mothbeans
73.46,57.87,52.14,18.3,81.88,5.93,254.56,rice
19.59,42.36,29.91,27.35,88.31,6.06,56.6,mungbean
101.43,23.81,42.41,23.72,89.38,6.79,43.95,watermelon
13.35,19.26,49.1,21.46,88.59,6.11,104.12,pomegranate
21.71,19.55,36.58,24.89,94.44,5.86,180.27,coconut
27.88,20.86,35.1,27.66,95.51,5.31,152.12,coconut
84.54,55.4,54.83,25.46,87.06,6.0,176.03,jute
24.31,16.72,33.11,18.18,87.62,6.01,116.98,pomegranate
14.84,69.76,89.02,14.89,28.62,5.61,160.28,kidneybeans
22.05,44.31,11.3,27.93,59.96,6.27,28.14,mothbeans
81.89,40.61,29.31,26.23,76.66,6.43,177.5,jute
19.03,77.84,94.13,19.45,20.16,6.24,88.76,kidneybeans
82.61,45.22,31.82,21.43,81.93,6.65,259.1,rice
17.02,69.28,24.7,25.65,76.39,7.1,55.63,lentil
40.34,49.15,56.66,33.6,90.86,6.18,207.0,papaya
20.25,18.24,44.08,23.38,88.64,7.04,138.6,pomegranate
23.61,20.02,10.19,24.0,90.77,5.84,91.75,orange
45.49,71.62,83.53,23.23,21.21,7.68,64.96,chickpea
81.01,47.76,46.2,22.69,79.06,6.54,153.75,jute
11.74,17.58,41.01,25.54,88.75,5.4,98.5,pomegranate
119.19,47.59,54.75,18.15,78.46,7.02,61.98,cotton
21.12,54.72,14.42,25.59,54.76,6.98,49.77,mothbeans
29.47,48.7,14.99,29.16,84.93,6.32,54.4,mungbean
23.23,142.9,203.47,26.23,85.72,6.46,54.28,grapes
21.02,54.05,14.43,29.28,89.21,6.59,41.74,mungbean
19.9,70.17,13.64,20.88,71.41,6.44,26.28,lentil
124.91,45.56,53.91,22.31,83.9,6.33,59.21,cotton
25.96,68.02,77.54,22.92,18.83,5.83,86.86,kidneybeans
20.22,26.33,24.32,29.92,45.66,5.63,106.6,mango
96.65,18.24,37.34,26.51,90.49,6.92,20.0,muskmelon
20.28,61.46,82.43,20.82,25.7,5.54,116.17,kidneybeans
22.63,9.85,7.82,30.7,90.45,6.86,112.05,orange
21.78,76.34,90.57,28.6,53.65,5.78,160.08,pigeonpeas
66.55,44.75,18.9,22.27,66.2,6.17,85.16,maize
75.39,50.23,34.24,25.44,79.97,6.93,185.23,jute
128.06,24.03,29.85,25.42,69.27,6.81,98.97,coffee
106.15,55.42,45.71,21.63,75.79,6.72,89.5,cotton
66.11,52.73,20.72,24.42,63.92,6.16,109.51,maize
24.52,65.13,17.68,23.2,59.22,6.96,37.09,lentil
11.91,73.66,96.02,12.51,15.71,5.57,114.09,kidneybeans
25.98,23.13,36.4,21.99,87.81,6.46,126.63,pomegranate
47.94,62.58,40.93,32.71,95.86,6.94,137.18,papaya
96.55,49.9,33.66,18.66,79.49,5.91,233.47,rice
29.1,74.51,74.87,22.98,42.45,5.33,122.57,pigeonpeas
120.62,16.91,41.44,30.56,93.82,6.01,36.28,muskmelon
20.48,57.83,18.41,26.29,81.77,6.99,60.47,mungbean
24.24,85.75,60.92,19.48,21.18,5.0,99.8,kidneybeans
98.11,36.42,22.12,23.02,62.95,6.4,104.89,maize
71.83,59.14,28.23,27.43,70.58,7.05,200.65,jute
17.57,80.39,71.97,16.66,26.01,5.5,88.05,kidneybeans
53.24,65.21,79.96,16.63,20.93,7.15,70.29,chickpea
114.16,59.73,45.32,20.93,79.67,6.9,103.11,cotton
24.32,37.74,25.28,28.56,74.07,6.61,53.78,mothbeans
20.71,150.0,208.81,19.47,90.33,6.58,99.76,apple
43.17,67.51,55.0,32.63,91.27,6.51,132.48,papaya
21.03,8.23,50.85,24.07,87.91,6.47,102.29,pomegranate
128.02,46.1,38.76,26.02,80.18,7.0,84.59,cotton
19.07,38.13,29.91,30.22,44.04,5.91,116.28,mango
30.05,135.11,188.97,23.55,80.47,6.92,67.09,grapes
23.81,33.81,33.69,28.08,55.21,5.66,96.12,mango
114.51,24.72,22.45,20.38,56.14,6.63,176.61,coffee
105.01,26.77,21.28,29.13,54.76,6.92,129.83,coffee
113.5,37.26,46.87,21.53,81.91,7.27,92.56,cotton
21.49,54.19,14.22,30.2,57.85,5.94,56.35,mothbeans
13.32,23.36,31.63,24.54,97.25,5.94,181.78,coconut
17.19,15.44,32.43,23.1,96.64,5.34,152.43,coconut
27.26,10.57,22.68,25.48,98.46,6.08,116.89,coconut
18.07,131.92,187.99,23.32,94.09,5.94,121.82,apple
29.93,21.16,11.84,23.65,90.73,6.95,85.15,orange
27.92,25.77,35.52,30.14,60.8,5.28,100.58,mango
21.01,24.68,33.89,31.52,47.21,5.4,86.16,mango
26.98,16.85,10.64,26.07,88.56,7.3,105.1,orange
101.12,78.8,45.42,30.19,79.39,6.05,107.86,banana
21.38,144.05,198.84,20.64,91.2,6.0,116.53,apple
30.64,125.62,179.48,25.9,76.47,6.28,64.27,grapes
32.23,80.24,18.71,26.68,68.5,6.84,78.69,blackgram
22.6,80.88,73.23,19.71,17.1,6.01,123.05,kidneybeans
24.15,126.62,210.0,23.3,83.86,5.58,70.16,grapes
105.0,37.8,43.93,26.28,75.18,6.79,67.69,cotton
15.37,66.55,15.73,23.13,60.36,7.5,46.4,lentil
94.9,79.38,54.44,25.79,77.66,6.13,104.57,banana
18.1,47.16,26.85,27.48,60.33,6.37,65.34,mothbeans
25.14,121.78,201.32,23.05,95.01,6.02,122.15,apple
81.28,51.96,43.99,26.57,78.88,7.27,174.24,jute
14.36,57.13,20.52,21.26,62.84,6.26,46.68,lentil
115.26,19.0,34.27,22.77,63.98,7.24,170.83,coffee
22.61,18.93,14.43,26.5,93.42,6.94,110.88,orange
15.23,76.6,20.04,22.16,75.42,6.77,42.33,lentil
40.94,63.43,17.98,32.42,70.37,7.09,63.05,blackgram
103.16,94.56,45.99,28.19,77.59,5.84,101.25,banana
23.55,72.97,78.34,21.26,21.98,5.69,142.08,kidneybeans
21.28,16.02,44.6,18.82,90.56,6.58,119.63,pomegranate
89.08,57.08,45.98,24.93,84.73,7.26,175.91,jute
53.94,68.06,54.91,34.45,93.33,6.74,136.93,papaya
17.75,69.45,23.46,24.43,73.1,7.3,48.33,lentil
26.93,8.63,24.92,26.0,92.92,5.8,170.84,coconut
20.66,79.38,69.63,23.35,27.66,6.22,105.81,kidneybeans
16.2,62.68,78.64,18.26,16.43,5.46,92.15,kidneybeans
22.16,41.97,16.64,27.45,60.69,6.94,92.99,mothbeans
55.42,57.29,49.68,32.33,90.01,6.4,157.91,papaya
42.73,57.93,83.22,19.84,18.53,7.46,81.3,chickpea
96.14,9.48,51.95,21.2,85.97,6.01,37.29,watermelon
24.95,29.33,39.56,32.06,49.3,6.04,92.13,mango
18.91,22.86,21.7,29.98,47.65,5.52,88.58,mango
77.41,47.16,26.96,25.27,73.63,6.43,74.07,maize
115.12,83.61,53.32,29.82,88.02,5.55,120.66,banana
66.64,60.3,60.14,21.9,84.5,6.83,209.74,rice
21.92,57.82,23.24,31.73,45.05,7.08,69.08,mothbeans
17.05,135.26,196.35,22.29,90.93,5.71,104.46,apple
19.43,54.78,72.45,19.55,23.24,5.52,139.51,kidneybeans
25.33,64.23,17.9,24.13,53.29,7.24,58.08,lentil
43.98,61.84,86.89,18.5,20.92,7.13,54.73,chickpea
19.03,66.99,83.2,19.24,30.68,5.38,150.24,kidneybeans
122.85,41.5,46.05,20.75,82.78,6.54,81.77,cotton
19.48,65.17,87.83,23.46,63.6,5.82,125.69,pigeonpeas
37.62,66.48,79.34,20.7,17.99,7.67,78.0,chickpea
42.67,76.6,75.41,17.16,18.19,7.18,85.3,chickpea
97.83,19.13,56.95,25.76,91.36,6.04,20.0,muskmelon
27.03,137.53,186.65,24.34,77.76,6.0,94.0,grapes
17.96,72.85,26.21,26.83,65.67,7.44,52.4,lentil
24.46,114.56,200.91,21.51,91.0,6.69,129.24,apple
23.52,56.02,15.42,29.0,90.96,6.91,30.21,mungbean
26.14,61.98,71.6,29.06,47.45,5.31,216.3,pigeonpeas
47.77,60.03,75.91,16.49,19.0,7.64,62.19,chickpea
114.94,28.58,30.62,25.53,85.89,7.2,88.41,cotton
49.67,78.64,74.31,17.34,14.0,6.76,74.15,chickpea
22.83,70.35,68.07,26.73,59.73,6.6,139.2,pigeonpeas
27.01,143.14,188.36,21.41,83.84,6.27,42.39,grapes
22.31,130.49,204.89,24.5,91.89,5.73,99.29,apple
22.82,59.67,90.66,22.13,14.0,6.06,108.44,kidneybeans
30.66,61.47,13.78,30.24,62.05,7.3,88.75,blackgram
40.21,60.17,17.92,32.78,64.23,6.45,77.98,blackgram
16.64,72.78,79.77,24.51,33.47,6.32,125.48,pigeonpeas
103.44,28.09,26.99,23.69,55.63,6.83,155.86,coffee
19.34,63.33,18.59,28.74,61.14,6.63,53.84,lentil
121.54,51.11,50.91,23.55,78.4,7.21,55.37,cotton
16.03,16.62,12.93,20.48,94.16,6.82,95.84,orange
23.05,29.72,47.67,24.64,93.07,6.33,84.96,pomegranate
20.44,9.93,10.03,24.43,95.33,7.05,82.2,orange
24.97,146.86,207.76,22.43,90.77,5.97,101.7,apple
14.33,49.35,20.7,27.78,57.08,6.84,70.23,mothbeans
108.93,22.35,34.38,27.59,71.84,6.81,175.08,coffee
25.04,77.33,20.98,23.0,73.73,6.94,20.0,lentil
88.71,54.8,15.52,22.89,62.57,5.89,115.58,maize
65.93,47.48,24.15,26.17,67.11,5.63,65.31,maize
17.46,15.46,31.0,21.72,90.09,6.55,129.24,pomegranate
102.84,24.23,46.55,28.89,93.44,6.33,20.0,muskmelon
79.77,43.87,20.74,22.4,57.09,6.51,111.59,maize
16.98,50.84,15.88,25.1,91.87,6.17,68.85,mungbean
70.05,47.23,26.07,26.93,78.3,6.07,145.32,jute
79.67,56.22,21.36,22.62,69.83,5.7,96.19,maize
15.22,64.35,19.28,22.7,74.3,6.84,62.71,lentil
30.59,70.59,86.26,16.31,17.82,7.4,49.16,chickpea
24.59,54.88,15.27,29.58,87.33,6.82,81.38,mungbean
20.43,16.04,22.06,28.21,93.6,6.12,192.91,coconut
21.99,11.41,36.8,28.62,95.18,5.93,166.11,coconut
106.24,47.29,33.46,23.86,83.57,7.3,72.14,cotton
18.88,75.97,79.26,20.73,17.25,5.55,117.22,kidneybeans
30.95,75.05,82.84,18.64,16.03,7.1,73.76,chickpea
16.85,29.26,22.03,28.59,66.73,6.66,58.7,mothbeans
92.48,24.82,15.1,26.07,50.41,6.77,182.2,coffee
48.84,66.85,19.08,32.02,65.78,7.46,70.88,blackgram
113.89,57.61,47.64,24.83,77.23,5.96,94.47,cotton
71.84,48.39,21.26,23.94,62.13,7.09,78.01,maize
13.42,42.03,14.09,30.0,54.25,6.76,33.27,mothbeans
21.71,60.4,16.76,21.21,68.84,6.92,50.77,lentil
16.66,66.37,81.75,20.92,23.79,6.09,130.05,kidneybeans
98.79,77.46,50.6,24.74,86.31,6.1,107.37,banana
105.2,13.94,55.4,24.63,84.14,6.22,46.35,watermelon
23.09,115.52,197.59,24.99,76.91,6.17,83.63,grapes
15.48,67.18,13.85,23.73,64.06,6.68,36.09,lentil
33.08,75.77,23.2,29.75,50.45,6.06,69.24,blackgram
92.17,62.07,48.19,22.13,84.44,6.6,240.31,rice
25.5,12.71,37.63,22.58,84.41,5.6,123.16,pomegranate
26.2,11.47,27.84,32.06,47.94,5.78,126.39,mango
19.61,20.18,24.02,26.32,92.37,6.25,202.98,coconut
110.35,34.44,40.51,22.17,80.36,6.25,84.44,cotton
27.12,38.82,18.39,25.13,54.17,6.19,51.76,mothbeans
22.53,42.36,12.94,28.56,87.51,7.36,38.5,mungbean
24.56,67.35,22.93,23.99,61.82,7.31,29.28,lentil
23.06,137.91,199.15,25.66,89.52,5.85,73.69,grapes
18.42,62.94,76.77,26.13,34.11,5.56,156.32,pigeonpeas
95.17,79.86,60.06,26.82,83.69,5.84,123.93,banana
79.96,53.65,23.55,24.65,61.33,6.68,59.04,maize
99.34,90.2,54.91,29.73,86.03,5.79,102.54,banana
94.05,21.08,60.12,28.42,90.15,6.16,20.0,muskmelon
29.33,133.09,195.32,22.65,80.52,5.38,84.55,grapes
16.91,82.27,16.21,24.16,58.51,6.28,63.25,lentil
89.02,19.26,51.8,28.04,85.61,6.38,40.75,watermelon
92.29,86.23,52.18,25.45,81.05,5.73,98.08,banana
21.19,122.31,202.51,24.11,96.29,6.2,122.4,apple
21.64,35.41,29.64,32.22,48.39,5.41,75.9,mango
27.78,44.16,28.99,28.49,57.38,7.34,36.79,mothbeans
98.2,90.45,58.28,26.31,79.98,6.23,102.01,banana
18.22,16.27,7.66,17.9,93.37,6.7,65.51,orange
19.71,22.28,9.46,27.98,92.01,6.63,125.0,orange
21.82,136.19,202.86,20.57,94.78,6.03,137.75,apple
88.28,48.79,45.75,28.11,86.52,6.8,199.26,jute
23.18,38.63,27.75,29.32,49.49,5.07,98.56,mango
84.37,40.7,49.23,24.25,99.47,7.03,228.58,rice
27.41,123.41,202.02,22.61,78.12,5.03,41.26,grapes
29.85,57.51,77.11,17.13,16.44,6.49,87.65,chickpea
56.56,48.93,56.82,35.15,92.98,6.89,165.64,papaya
85.78,51.65,20.85,23.79,70.23,6.21,46.16,maize
104.96,10.97,40.91,29.08,91.06,5.86,20.0,muskmelon
54.19,61.55,51.72,31.57,89.95,7.18,146.39,papaya
90.34,48.73,34.06,25.61,83.64,6.68,125.29,jute
86.63,44.25,12.33,22.91,65.21,6.53,66.56,maize
24.23,148.69,210.0,21.16,89.67,5.8,82.35,apple
23.49,72.06,80.52,25.68,54.73,5.66,144.96,pigeonpeas
85.66,26.08,22.7,26.41,55.07,6.43,160.71,coffee
21.09,149.12,175.9,19.13,92.32,5.42,90.1,apple
23.72,18.59,30.11,22.93,94.97,5.4,183.94,coconut
26.17,73.52,17.59,25.97,55.01,7.32,32.76,lentil
24.97,37.92,41.12,31.13,49.57,5.25,73.93,mango
95.83,20.49,54.03,29.8,89.79,6.06,21.82,muskmelon
85.23,40.91,42.47,29.02,83.09,6.95,155.61,jute
103.3,46.08,28.48,22.6,80.14,6.75,113.22,cotton
24.23,16.89,6.8,23.74,92.34,7.15,151.66,orange
22.18,20.62,44.72,21.2,87.41,6.08,108.7,pomegranate
41.78,58.88,23.72,28.76,60.87,5.96,62.44,blackgram
90.83,49.66,35.87,22.17,80.29,6.52,197.97,rice
19.9,50.12,24.09,27.12,63.82,6.89,56.19,mothbeans
94.33,9.13,48.73,27.25,91.95,6.38,20.0,muskmelon
97.36,26.93,41.96,25.3,86.12,6.69,20.93,watermelon
19.76,71.83,16.9,28.45,63.75,7.0,35.03,lentil
20.9,66.03,93.44,28.48,53.73,5.64,122.93,pigeonpeas
24.43,129.84,210.0,25.74,76.65,6.35,72.62,grapes
15.39,52.44,10.56,28.34,54.99,6.54,65.59,mothbeans
12.35,23.46,37.8,20.42,86.5,5.85,74.91,pomegranate
85.02,54.78,42.52,24.86,77.0,6.56,129.93,jute
99.67,17.43,55.57,26.72,80.01,6.02,25.61,watermelon
108.45,25.82,30.52,25.32,64.66,6.63,120.53,coffee
74.46,38.98,25.8,29.19,77.8,6.7,181.16,jute
23.12,136.56,200.75,21.09,90.26,6.67,127.73,apple
66.58,52.44,30.63,22.24,73.88,6.64,218.28,jute
16.89,20.88,13.72,20.2,88.97,7.77,135.82,orange
20.2,32.19,31.6,31.27,49.29,5.36,53.89,mango
28.29,61.5,84.49,22.82,17.76,6.35,101.58,kidneybeans
105.16,14.91,53.64,24.37,82.39,6.37,54.48,watermelon
15.5,70.69,55.19,23.94,46.27,6.33,117.39,pigeonpeas
114.65,42.4,46.09,25.99,74.68,6.76,74.77,cotton
15.34,21.96,5.86,27.53,91.88,6.84,95.17,orange
103.5,21.44,52.82,25.91,81.3,6.32,43.53,watermelon
95.1,14.21,54.28,29.44,92.15,6.39,30.1,muskmelon
111.25,43.64,41.63,23.74,81.91,6.41,69.41,cotton
25.45,69.8,83.77,20.89,25.55,6.25,83.04,kidneybeans
35.01,61.82,76.99,19.58,14.0,7.07,70.65,chickpea
42.12,57.05,21.15,32.39,67.84,7.64,46.26,blackgram
22.8,77.72,16.89,28.48,66.28,6.99,57.68,lentil
69.48,51.46,47.42,26.68,78.7,7.02,97.47,jute
22.61,18.81,36.32,21.01,86.78,6.56,100.84,pomegranate
114.1,20.45,39.33,29.61,91.28,6.6,29.85,muskmelon
16.94,14.85,27.39,27.91,98.94,6.04,168.44,coconut
63.45,94.48,50.23,28.35,77.6,6.53,55.33,banana
80.69,17.46,44.01,25.31,95.09,6.57,21.72,muskmelon
97.02,103.94,54.24,26.97,81.02,5.36,100.41,banana
71.63,51.7,20.04,22.66,73.23,6.47,81.94,maize
24.48,58.53,22.3,24.01,68.82,6.82,29.83,lentil
24.17,150.0,173.4,25.81,80.67,6.01,97.21,grapes
85.09,26.37,26.48,25.22,63.33,7.37,165.78,coffee
43.95,78.18,83.22,19.52,22.25,7.75,56.31,chickpea
22.67,56.17,16.33,30.28,80.89,6.6,66.73,mungbean
25.69,59.88,14.12,24.25,75.16,6.92,52.25,lentil
42.98,59.69,12.86,28.88,66.86,6.66,75.81,blackgram
79.77,78.28,55.56,26.97,79.98,6.14,119.18,banana
66.84,40.94,33.63,24.7,76.04,6.29,193.38,jute
23.36,22.51,37.04,31.88,50.33,5.37,131.42,mango
18.22,47.67,16.97,23.38,53.3,6.58,57.6,mothbeans
19.34,51.08,17.39,26.96,49.92,6.77,61.24,mothbeans
125.87,17.51,53.75,22.05,85.66,6.7,20.0,watermelon
44.78,69.6,22.63,29.07,57.57,6.99,62.11,blackgram
16.25,6.35,10.75,28.91,85.79,7.12,88.96,orange
115.71,12.84,50.59,21.93,80.87,6.08,68.05,watermelon
15.21,134.77,210.0,25.66,94.35,6.12,117.73,apple
19.75,127.15,205.92,24.13,85.73,6.32,99.63,apple
111.68,36.97,26.67,24.42,60.38,7.85,123.76,coffee
39.39,72.26,18.31,30.02,63.7,6.64,61.37,blackgram
82.17,20.43,47.38,26.11,84.57,6.2,51.13,watermelon
123.74,50.05,32.97,23.46,74.44,7.19,25.14,cotton
69.84,56.84,15.65,19.54,69.42,6.29,72.37,maize
34.72,61.91,18.72,32.64,60.33,7.36,64.96,blackgram
23.06,140.5,210.0,21.39,77.26,6.21,95.97,grapes
31.42,69.49,78.53,19.0,14.61,7.41,68.82,chickpea
15.95,119.86,197.11,24.49,78.97,5.92,84.94,grapes
22.18,12.06,33.65,26.6,91.49,5.28,177.29,coconut
96.16,100.76,44.65,23.98,80.26,5.55,81.7,banana
17.48,48.86,19.42,29.52,85.21,7.27,42.49,mungbean
22.12,52.03,22.41,29.52,42.89,6.96,63.68,mothbeans
126.68,38.02,40.26,23.21,75.02,6.48,100.0,cotton
22.2,70.61,77.63,21.15,16.26,6.02,116.88,kidneybeans
121.37,41.09,43.01,21.54,84.08,7.35,110.73,cotton
98.65,20.47,48.67,26.47,82.25,6.52,59.75,watermelon
15.67,7.82,28.71,27.0,94.96,6.32,181.25,coconut
24.29,133.52,193.69,25.72,85.16,6.15,52.12,grapes
24.87,125.96,200.64,21.2,88.05,5.82,114.88,apple
46.55,56.64,68.13,34.96,93.17,7.41,123.65,papaya
76.13,28.53,46.83,23.89,78.67,6.83,266.14,rice
101.29,12.44,58.71,25.45,80.97,6.37,51.63,watermelon
106.12,9.4,28.2,27.73,56.85,6.42,180.45,coffee
20.34,133.03,197.03,21.32,90.7,5.46,84.42,apple
20.78,134.06,200.11,20.64,83.45,5.72,53.09,grapes
20.26,31.06,29.35,31.43,57.39,5.64,77.48,mango
18.9,18.22,17.15,27.1,95.77,5.82,136.95,coconut
16.87,78.11,16.88,25.49,62.34,7.04,43.7,lentil
17.63,49.81,21.45,26.52,93.08,6.52,28.26,mungbean
99.23,14.61,47.39,28.41,98.64,6.85,30.84,muskmelon
15.55,19.09,12.45,28.48,95.95,5.34,174.63,coconut
15.38,19.75,9.49,27.09,93.02,6.95,100.34,orange
77.32,7.62,45.24,28.56,91.85,5.68,23.29,muskmelon
15.07,21.72,15.06,21.13,94.59,6.94,111.12,orange
22.1,67.39,68.58,28.05,39.43,6.2,203.59,pigeonpeas
19.46,123.85,185.98,22.84,91.46,5.35,121.23,apple
36.58,67.37,85.38,13.53,14.0,6.76,71.38,chickpea
51.69,59.83,20.57,33.1,64.42,6.67,95.09,blackgram
84.0,27.34,36.58,24.68,49.45,7.1,205.18,coffee
23.08,63.46,66.84,22.15,25.19,6.18,125.34,kidneybeans
18.83,11.93,37.58,28.37,95.56,5.7,191.34,coconut
43.6,64.49,80.94,20.35,14.0,7.83,127.44,chickpea
18.04,46.82,15.48,25.39,51.35,6.76,46.86,mothbeans
21.02,40.98,27.84,29.45,61.86,6.09,52.16,mothbeans
26.6,131.91,185.89,22.65,85.74,5.85,67.08,grapes
45.92,71.11,73.83,21.27,14.0,7.88,31.95,chickpea
20.74,6.77,9.75,21.62,90.97,6.54,123.05,orange
18.1,70.6,22.34,20.56,61.9,6.93,35.67,lentil
35.66,59.79,15.14,29.32,70.17,6.94,81.6,blackgram
103.77,82.28,41.48,27.68,78.16,5.88,104.98,banana
20.49,15.34,23.34,26.72,92.57,6.12,178.19,coconut
16.1,22.98,13.06,23.92,92.23,6.86,83.96,orange
72.84,20.54,43.4,22.86,89.43,6.76,230.34,rice
28.79,48.17,21.43,26.89,89.65,7.41,31.73,mungbean
24.54,14.08,32.2,25.82,93.72,6.67,207.43,coconut
19.71,130.89,205.84,22.64,83.22,6.08,67.26,grapes
22.64,52.61,17.68,27.95,61.45,6.62,74.68,mothbeans
21.06,20.28,27.86,29.26,98.07,6.23,178.11,coconut
30.69,72.54,90.94,18.95,24.73,6.04,60.08,kidneybeans
29.06,15.8,18.06,29.23,95.11,5.71,180.46,coconut
18.56,59.71,21.21,27.39,56.14,5.83,44.93,mothbeans
86.72,75.78,46.28,28.76,81.16,5.03,104.05,banana
19.47,22.7,10.9,24.48,93.08,6.69,110.08,orange
88.26,19.91,55.99,23.27,81.45,6.37,43.88,watermelon
97.31,33.09,25.34,27.41,54.04,6.4,99.23,coffee
46.52,52.88,20.46,31.12,77.27,7.63,91.07,blackgram
111.33,25.4,48.74,29.33,95.67,6.52,20.0,muskmelon
103.62,24.34,36.66,28.23,53.89,6.64,152.95,coffee
93.73,20.41,46.15,31.94,90.52,7.08,41.92,muskmelon
23.66,140.35,187.66,25.32,93.18,5.79,90.95,apple
89.91,90.51,47.41,26.09,80.04,5.62,97.39,banana
71.27,41.57,15.25,19.69,64.3,6.35,65.85,maize
106.68,14.96,44.5,28.9,89.34,6.98,27.83,muskmelon
36.91,66.26,25.29,29.01,67.26,7.17,72.29,blackgram
15.94,124.21,188.17,25.3,88.52,6.37,132.7,apple
42.79,69.21,20.33,31.04,57.5,7.42,73.79,blackgram
15.38,46.48,13.81,29.47,68.65,6.59,46.86,mothbeans
120.52,15.65,54.89,27.66,88.1,7.22,49.72,watermelon
110.95,91.84,54.51,27.75,82.05,5.61,87.64,banana
102.36,26.06,41.45,27.7,89.36,6.49,27.77,watermelon
16.59,38.94,20.83,29.17,52.73,6.72,27.0,mothbeans
77.34,49.19,47.35,23.54,79.83,6.23,208.15,rice
14.01,23.43,35.36,25.36,96.56,6.18,162.69,coconut
12.07,22.67,30.72,32.28,52.58,5.97,98.99,mango
14.12,144.18,208.12,22.97,81.08,5.95,69.91,grapes
16.84,20.23,35.12,20.46,87.78,6.66,99.89,pomegranate
26.61,71.94,79.07,20.33,25.44,5.75,92.24,kidneybeans
25.27,144.11,208.12,23.25,75.23,5.57,86.6,grapes
76.53,46.2,49.7,24.83,74.95,6.56,148.43,jute
84.28,36.24,52.01,25.08,80.08,6.12,212.52,rice
120.32,46.02,49.32,24.04,81.43,6.38,90.63,cotton
21.41,36.51,27.69,26.74,85.8,6.65,63.58,mungbean
39.42,73.88,13.54,32.39,56.58,7.8,67.36,blackgram
22.38,65.06,77.78,19.6,19.45,5.32,124.24,kidneybeans
79.03,49.22,44.96,21.54,78.14,6.95,222.16,rice
17.56,126.51,195.99,23.8,84.0,5.82,54.14,grapes
18.16,131.39,181.92,23.92,92.3,5.65,96.76,apple
16.22,22.28,50.86,18.48,93.75,6.7,89.4,pomegranate
11.61,63.8,84.64,27.29,58.36,5.38,169.76,pigeonpeas
83.56,43.74,21.79,23.22,68.13,6.23,88.01,maize
72.73,52.53,20.71,20.98,57.15,6.34,83.04,maize
26.29,140.96,186.51,21.57,94.83,6.21,113.87,apple
17.62,65.69,85.02,26.98,42.77,5.75,248.06,pigeonpeas
23.01,17.35,30.22,32.01,95.91,5.96,128.99,coconut
23.08,69.27,67.14,31.86,41.83,6.2,148.27,pigeonpeas
44.85,50.97,42.55,30.18,95.62,5.63,143.61,papaya
49.89,56.7,44.24,31.76,93.44,6.9,140.57,papaya
40.83,73.09,64.27,17.36,14.2,7.71,90.88,chickpea
14.8,18.85,10.33,27.44,96.28,6.56,99.94,orange
108.74,51.68,45.35,24.75,81.71,5.91,243.19,rice
24.73,17.7,16.17,24.35,88.17,7.4,114.19,orange
17.75,64.57,12.96,28.49,65.75,7.02,43.87,lentil
20.03,32.61,22.53,34.97,45.44,5.54,62.47,mango
120.23,92.72,39.24,24.41,80.83,5.91,134.98,banana
99.02,89.56,36.91,27.87,82.23,6.33,107.31,banana
78.47,43.88,30.79,24.89,87.86,6.99,191.97,jute
21.18,136.02,182.11,25.04,79.52,5.66,41.06,grapes
47.56,45.15,46.54,32.97,92.63,6.0,192.03,papaya
26.29,120.29,188.43,21.59,93.37,6.2,96.1,apple
20.19,118.37,207.87,24.37,76.82,6.31,81.52,grapes
113.71,15.31,48.75,22.3,83.85,6.89,54.91,watermelon
126.69,59.09,36.45,26.4,71.84,7.11,112.25,cotton
25.01,91.13,85.01,21.82,17.51,5.56,86.09,kidneybeans
104.79,16.12,43.23,23.26,85.06,6.62,20.0,watermelon
20.71,76.86,75.32,25.7,46.77,6.2,185.97,pigeonpeas
24.14,67.93,20.23,21.98,52.68,7.03,50.74,lentil
112.37,14.0,49.9,30.42,92.54,5.94,43.64,muskmelon
122.07,82.58,42.41,25.28,73.43,6.26,103.65,banana
22.67,72.6,16.48,26.44,59.2,6.99,31.91,lentil
14.92,137.43,179.7,23.2,92.18,6.29,111.57,apple
28.88,77.97,90.38,20.65,18.46,5.63,132.73,kidneybeans
11.79,28.9,36.18,31.61,54.08,5.83,101.95,mango
96.99,45.12,19.02,22.44,78.6,6.1,96.6,maize
20.66,9.3,5.0,23.22,94.88,6.72,116.97,orange
18.38,20.68,43.75,31.67,47.35,5.41,87.62,mango
25.29,15.42,35.69,25.13,90.72,5.94,198.75,coconut
64.55,44.54,38.04,20.97,89.71,6.06,239.49,rice
16.56,19.7,11.4,24.02,92.35,6.83,138.52,orange
79.38,27.53,29.73,24.49,52.01,7.0,137.66,coffee
119.5,46.99,50.63,25.08,80.12,6.39,82.13,cotton
22.34,61.0,73.35,26.58,52.03,5.34,165.12,pigeonpeas
32.72,72.9,22.85,29.33,48.25,6.94,72.92,blackgram
117.26,10.78,43.34,28.21,92.41,6.03,25.81,muskmelon
14.81,40.08,24.76,30.42,76.15,5.93,43.9,mungbean
107.23,33.0,32.07,27.91,56.73,7.38,216.04,coffee
88.5,54.35,42.12,23.47,78.32,6.61,247.19,rice
101.68,19.16,51.94,29.36,89.93,6.85,20.0,muskmelon
52.34,65.59,61.76,33.6,89.76,6.02,116.24,papaya
48.07,59.73,43.31,34.99,90.59,6.13,158.57,papaya
22.4,48.26,10.45,29.1,81.7,6.47,39.41,mungbean
19.71,138.45,195.03,23.49,81.74,6.49,76.89,grapes
19.59,19.78,40.54,31.96,51.55,5.67,63.24,mango
23.36,50.7,24.07,26.43,84.36,6.68,41.13,mungbean
36.19,73.42,79.39,17.64,20.53,7.85,69.21,chickpea
76.79,63.21,20.49,19.08,65.54,6.36,67.29,maize
15.08,29.72,28.03,32.84,54.73,6.56,59.6,mango
16.63,22.9,47.09,18.61,84.52,6.53,93.11,pomegranate
24.1,17.01,32.16,24.88,91.13,5.51,194.75,coconut
23.98,27.25,32.24,28.19,59.75,5.19,106.04,mango
83.6,51.58,16.3,20.67,56.91,6.24,114.75,maize
24.97,5.0,28.74,27.88,94.2,5.27,174.29,coconut
15.41,28.61,29.89,29.56,59.8,6.6,47.98,mothbeans
111.54,79.57,42.48,26.1,87.85,5.83,126.58,banana
22.53,8.14,25.42,30.3,95.08,5.67,178.52,coconut
76.85,52.57,63.22,22.48,85.22,6.17,256.6,rice
22.01,59.57,76.07,26.09,51.21,5.04,194.66,pigeonpeas
103.0,21.44,24.71,27.41,56.46,7.23,122.51,coffee
50.48,69.21,84.04,17.02,17.99,7.09,63.3,chickpea
19.79,5.0,32.46,25.58,94.74,6.58,168.61,coconut
24.35,77.32,77.9,23.27,42.24,6.12,95.67,pigeonpeas
44.13,59.18,35.55,31.58,95.62,7.04,129.99,papaya
96.73,17.35,52.05,28.33,91.53,6.31,26.28,muskmelon
17.61,49.23,17.04,27.84,82.42,6.73,47.36,mungbean
85.87,55.51,38.78,21.05,87.59,6.38,202.01,rice
102.7,29.95,34.08,32.15,59.97,7.01,161.72,coffee
39.14,71.83,23.1,27.52,69.49,6.75,52.81,blackgram
17.43,23.63,49.77,22.51,86.01,5.68,110.65,pomegranate
15.07,119.69,209.56,21.1,91.56,6.45,144.04,apple
101.66,14.97,53.67,28.49,86.5,6.36,37.53,watermelon
37.75,69.96,80.89,19.08,25.84,7.85,65.47,chickpea
100.78,19.14,58.02,26.93,79.99,6.09,43.88,watermelon
106.61,84.58,50.6,22.59,79.88,6.25,123.06,banana
94.52,12.32,24.83,23.19,63.32,7.59,193.09,coffee
99.38,23.47,26.89,26.68,53.36,6.64,149.71,coffee
20.82,79.88,83.69,18.62,21.33,5.82,98.1,kidneybeans
20.25,49.16,15.86,25.58,59.61,6.46,39.72,mothbeans
84.71,22.55,53.9,25.58,85.96,6.07,27.83,watermelon
42.72,63.73,13.5,26.88,72.69,6.6,69.77,blackgram
98.22,78.09,55.76,27.06,79.16,5.43,83.44,banana
125.11,32.79,52.95,22.98,79.79,6.55,88.12,cotton
18.32,65.27,83.21,19.01,17.67,4.79,94.7,kidneybeans
93.75,41.36,21.76,22.43,59.91,6.09,123.55,maize
100.9,18.47,50.38,25.07,95.21,5.88,31.06,muskmelon
25.17,11.8,14.53,22.48,90.04,6.71,124.51,orange
17.66,24.23,39.61,20.84,86.0,6.05,80.41,pomegranate
69.49,45.97,19.73,23.43,67.11,6.52,62.56,maize
114.03,24.62,41.82,31.7,95.16,6.39,20.0,muskmelon
18.42,133.79,210.0,22.0,81.58,6.26,80.12,grapes
40.46,56.48,51.5,33.56,94.07,7.02,142.74,papaya
102.35,13.06,59.73,29.19,89.9,6.02,34.04,muskmelon
16.98,20.56,12.69,27.15,91.29,6.86,104.2,orange
85.46,14.55,53.59,32.25,92.49,6.93,23.61,muskmelon
79.65,67.09,52.7,23.74,81.49,6.96,146.31,jute
21.75,126.88,205.91,21.78,83.79,6.46,70.88,grapes
87.11,53.56,41.29,26.53,84.89,6.7,190.3,jute
65.92,43.53,40.17,26.25,79.64,6.61,158.21,jute
105.29,26.12,27.26,22.38,45.06,6.88,152.92,coffee
132.52,30.37,35.21,22.04,74.48,7.4,99.13,cotton
21.08,21.41,44.07,23.38,90.56,6.29,91.17,pomegranate
108.47,39.28,33.76,23.21,76.45,6.67,87.02,cotton
21.17,69.55,93.83,18.45,22.72,5.42,118.0,kidneybeans
28.49,20.93,5.52,26.09,93.4,7.7,104.32,orange
94.14,23.41,26.99,28.79,61.5,6.69,139.68,coffee
28.98,73.29,80.34,20.48,26.7,5.62,92.84,kidneybeans
25.05,144.99,188.85,24.19,79.4,6.2,94.91,grapes
28.69,134.24,196.52,25.35,87.19,5.82,64.61,grapes
41.54,69.15,78.95,22.59,22.63,7.48,41.65,chickpea
11.1,21.7,31.5,32.85,51.59,5.93,87.72,mango
26.34,16.06,33.03,22.41,91.53,6.45,146.31,pomegranate
32.52,64.22,54.96,34.13,91.12,6.22,83.19,papaya
25.35,73.74,88.92,18.99,20.56,6.36,113.47,kidneybeans
113.05,35.27,47.26,23.24,57.31,7.03,74.62,coffee
16.81,5.9,36.37,23.43,90.18,5.35,113.97,pomegranate
27.08,56.05,25.58,28.27,87.08,6.84,53.47,mungbean
54.88,68.76,35.81,32.5,93.5,7.86,138.62,papaya
29.24,58.45,93.85,18.3,22.12,6.18,115.95,kidneybeans
24.14,40.52,18.57,27.46,62.4,6.97,41.87,mothbeans
21.05,13.1,23.98,25.37,92.43,6.13,114.18,coconut
14.64,75.88,14.33,22.73,64.54,6.37,37.97,lentil
15.2,22.34,36.92,24.37,88.86,5.91,145.21,pomegranate
14.37,33.37,39.09,35.2,55.87,5.51,111.05,mango
21.02,68.97,19.93,22.77,58.03,7.21,53.52,lentil
48.76,51.84,26.68,30.52,61.57,6.48,83.8,blackgram
98.63,88.3,47.0,27.05,82.09,6.2,115.36,banana
92.39,23.93,50.48,25.55,88.72,6.65,48.4,watermelon
90.53,82.71,50.16,28.86,72.41,4.93,135.29,banana
101.67,20.98,39.56,23.77,78.99,6.5,47.47,watermelon
19.01,17.27,7.29,25.24,91.31,6.21,124.3,orange
92.67,62.56,24.16,21.74,59.65,5.72,75.63,maize
17.92,79.54,17.68,27.96,63.71,6.86,53.1,lentil
92.97,79.68,39.27,28.54,86.65,5.73,98.4,banana
23.35,70.92,65.25,24.49,23.45,6.17,68.5,kidneybeans
51.42,51.24,49.2,34.74,91.28,6.64,126.58,papaya
18.19,49.21,26.77,26.99,75.37,7.06,55.08,mungbean
19.67,19.92,34.33,28.01,89.8,6.11,208.5,coconut
118.51,45.13,30.71,23.57,80.53,7.0,71.0,cotton
21.74,22.62,56.17,20.94,90.6,5.9,86.73,pomegranate
53.64,54.01,52.69,34.88,90.86,6.54,170.88,papaya
65.66,64.07,19.26,16.73,64.51,6.33,90.34,maize
100.73,41.39,44.77,23.46,80.08,7.41,72.09,cotton
25.89,113.31,210.0,24.55,89.58,5.5,130.98,apple
24.28,150.0,206.06,23.21,82.05,6.32,65.59,grapes
92.31,42.21,42.11,24.86,70.2,7.69,117.86,coffee
107.05,33.63,18.1,20.86,58.91,6.83,140.58,coffee
97.08,20.12,50.78,23.22,91.43,6.89,52.28,watermelon
85.41,29.78,46.27,25.64,81.59,7.04,177.85,jute
35.12,65.61,17.62,30.6,61.55,6.61,66.24,blackgram
24.58,29.2,15.06,33.91,47.59,5.6,99.87,mango
83.47,46.59,31.82,24.14,82.34,6.78,83.65,cotton
79.92,55.02,37.26,26.72,74.99,6.01,280.15,rice
12.8,8.19,12.26,27.36,90.19,6.43,88.72,orange
17.51,134.99,210.0,22.85,79.27,6.07,65.81,grapes
40.79,72.13,17.84,30.06,49.91,7.0,64.18,blackgram
14.61,54.94,13.99,27.17,92.06,8.14,40.88,mungbean
98.92,11.49,35.87,27.62,83.06,6.34,40.14,watermelon
94.07,52.91,27.49,20.02,62.21,6.33,61.29,maize
17.53,69.82,17.11,24.23,77.07,6.76,64.64,lentil
27.78,79.89,63.65,17.81,18.71,5.78,122.72,kidneybeans
27.36,126.86,190.35,24.04,74.98,6.45,72.57,grapes
71.96,49.87,36.81,25.42,83.0,6.48,272.63,rice
26.87,13.68,6.57,18.32,90.71,6.87,96.07,orange
38.74,64.28,88.21,17.57,21.19,7.42,66.53,chickpea
26.39,129.45,174.09,23.97,79.91,6.17,78.11,grapes
109.28,17.87,69.51,30.41,92.91,6.77,20.33,muskmelon
16.52,141.67,193.55,20.39,94.12,5.74,112.41,apple
19.32,63.33,15.34,24.25,63.85,7.31,26.5,lentil
23.37,50.6,19.57,33.0,49.19,6.31,59.61,mothbeans
21.09,40.91,31.99,27.38,51.34,6.39,51.86,mothbeans
68.63,59.63,18.39,21.34,61.91,6.72,85.39,maize
39.42,70.06,88.03,15.51,15.7,7.99,57.32,chickpea
18.22,18.43,39.52,25.31,84.05,6.5,78.92,pomegranate
96.23,10.76,47.51,27.88,86.78,6.3,30.21,watermelon
19.63,10.99,5.0,23.97,92.07,6.94,111.06,orange
21.84,52.63,20.79,33.11,56.17,6.54,55.64,mothbeans
70.56,38.76,15.86,24.63,73.23,6.06,108.73,maize
22.63,58.54,75.26,27.76,48.89,5.54,129.55,pigeonpeas
19.94,15.61,34.74,17.3,92.18,7.58,98.56,pomegranate
20.68,64.01,83.44,23.86,42.31,6.19,121.17,pigeonpeas
22.32,132.95,198.39,26.56,84.34,6.61,60.55,grapes
23.01,52.12,27.58,27.56,37.59,5.98,42.01,mothbeans
25.41,76.38,74.29,14.49,25.84,6.07,100.12,kidneybeans
17.65,44.57,27.93,26.4,50.85,6.5,65.19,mothbeans
86.54,44.76,36.07,25.12,78.78,6.66,164.26,jute
17.69,139.2,200.7,23.92,88.38,6.02,105.89,apple
128.48,35.9,43.51,21.61,86.5,6.77,102.08,cotton
15.86,76.88,21.96,25.12,66.42,6.68,93.05,lentil
99.57,35.27,28.48,21.77,61.36,6.68,133.23,coffee
94.91,79.47,52.86,25.22,79.69,6.74,105.45,banana
26.37,142.42,210.0,25.36,83.75,6.11,50.12,grapes
24.99,47.65,26.3,29.93,79.44,6.56,35.39,mungbean
59.12,57.15,58.5,32.17,90.42,6.71,154.99,papaya
68.12,46.89,17.77,23.31,66.34,6.39,85.6,maize
111.67,25.2,29.09,22.28,59.93,7.12,193.42,coffee
99.79,18.59,49.97,26.67,83.38,6.56,43.47,watermelon
24.57,75.0,77.86,28.81,47.8,5.61,135.67,pigeonpeas
44.6,58.9,19.55,30.63,59.76,6.56,30.48,blackgram
26.22,47.08,24.52,28.43,85.25,6.61,38.86,mungbean
44.99,69.11,58.75,18.98,19.63,7.02,83.18,chickpea
21.05,60.97,65.12,24.98,44.99,6.33,181.78,pigeonpeas
82.66,38.26,45.61,21.41,86.34,6.51,186.92,rice
105.29,23.65,26.61,27.93,76.68,6.34,144.97,coffee
83.73,24.18,29.78,28.05,57.52,6.66,169.08,coffee
65.25,42.57,20.36,25.55,72.15,6.41,80.06,maize
20.25,15.58,6.47,20.0,94.3,6.94,140.9,orange
89.54,18.58,36.34,28.14,88.43,6.04,23.65,muskmelon
16.95,131.72,195.18,24.48,91.57,5.43,119.32,apple
47.68,48.14,53.18,33.12,91.35,7.03,120.33,papaya
38.52,75.74,26.77,29.49,60.68,7.12,79.35,blackgram
104.18,13.74,45.91,25.19,86.08,6.39,51.32,watermelon
38.22,72.36,67.29,19.57,17.67,6.44,89.59,chickpea
19.6,22.6,5.0,22.8,94.36,7.07,135.28,orange
13.03,20.06,38.35,15.92,90.86,6.59,121.32,pomegranate
51.1,53.9,55.24,33.51,88.87,6.68,121.93,papaya
22.73,130.84,200.77,21.88,93.41,6.23,97.11,apple
17.87,63.15,85.91,17.91,22.19,5.61,97.84,kidneybeans
25.14,61.22,89.5,16.92,21.68,5.14,128.55,kidneybeans
109.78,24.16,50.26,24.68,91.39,6.98,45.54,watermelon
70.35,46.04,47.87,28.22,71.97,6.47,202.48,jute
16.27,28.45,33.46,30.49,50.38,5.17,104.67,mango
28.34,14.29,42.42,19.56,93.64,6.84,125.92,pomegranate
40.53,73.07,26.76,28.76,65.91,7.0,50.16,blackgram
134.03,50.33,49.41,24.47,75.79,6.58,83.86,cotton
22.46,73.63,79.33,22.22,31.03,5.61,108.94,kidneybeans
21.42,12.37,19.03,25.23,93.24,5.9,215.67,coconut
75.66,44.36,52.88,23.97,79.93,6.01,200.2,rice
24.34,69.92,14.29,19.39,66.18,6.96,52.44,lentil
83.59,49.64,20.77,23.41,67.96,5.99,46.17,maize
45.56,55.26,86.05,21.66,14.47,6.91,62.52,chickpea
97.46,25.5,45.25,25.73,93.36,6.34,20.0,muskmelon
26.14,14.11,5.8,21.8,92.08,7.3,84.92,orange
20.2,17.42,43.19,21.44,88.3,6.52,121.04,pomegranate
39.54,52.11,78.46,18.6,19.25,7.58,78.65,chickpea
14.32,74.78,16.15,23.15,74.98,7.18,63.43,lentil
83.42,57.03,18.9,22.19,52.78,5.95,119.49,maize
21.68,89.94,84.5,15.73,25.42,5.19,42.68,kidneybeans
27.02,18.75,36.36,23.54,94.35,6.5,192.82,coconut
92.78,12.78,37.35,27.38,92.72,6.15,20.62,muskmelon
99.03,21.03,41.17,25.41,90.51,6.38,38.73,watermelon
25.51,66.84,12.26,29.35,47.85,7.07,20.0,mothbeans
74.66,48.89,15.46,24.03,57.16,6.52,66.36,maize
91.25,58.33,10.01,26.8,64.67,6.15,91.42,maize
21.06,68.49,11.29,26.96,48.32,6.6,26.25,mothbeans
48.55,70.26,74.97,14.11,21.37,7.87,87.8,chickpea
35.28,58.62,13.4,28.17,61.27,7.01,68.46,blackgram
64.5,45.02,32.28,27.29,71.47,6.84,172.41,jute
47.08,58.77,47.16,32.03,92.01,6.72,161.57,papaya
26.82,67.97,92.59,21.72,20.76,5.81,122.18,kidneybeans
108.42,11.08,65.69,31.6,92.8,6.77,36.34,muskmelon
27.03,18.71,8.25,20.86,92.54,7.43,84.24,orange
43.97,60.74,14.58,29.0,64.15,7.5,72.27,blackgram
18.79,68.74,15.58,23.73,74.22,7.48,76.62,lentil
73.93,56.25,20.06,21.78,56.47,6.18,126.38,maize
18.94,44.61,23.8,31.49,47.1,6.77,58.19,mothbeans
16.98,18.22,47.23,19.95,94.47,7.29,116.21,pomegranate
18.43,43.39,25.51,28.47,51.6,6.51,62.41,mothbeans
97.95,17.0,49.69,30.97,84.47,6.69,59.9,watermelon
110.11,16.99,46.7,24.79,84.28,6.91,58.99,watermelon
22.39,42.1,17.06,27.85,88.82,7.28,24.08,mungbean
98.48,57.41,54.52,23.84,79.04,6.67,222.79,rice
106.18,20.05,42.25,32.07,92.91,6.51,26.51,muskmelon
24.29,69.97,75.59,24.42,53.65,6.19,117.44,pigeonpeas
84.66,46.46,41.98,26.34,85.97,6.08,288.94,rice
120.12,35.38,21.95,24.21,66.34,7.74,161.95,coffee
20.85,55.97,21.37,29.8,45.25,6.2,59.7,mothbeans
47.16,63.81,76.42,18.57,16.3,8.37,98.88,chickpea
85.94,79.63,52.07,30.95,81.96,5.79,86.51,banana
19.45,41.47,14.01,24.93,52.62,6.9,63.93,mothbeans
33.49,61.75,76.75,17.46,15.57,7.02,72.95,chickpea
12.65,75.04,31.29,29.93,71.05,7.29,33.72,lentil
93.44,10.21,55.04,24.91,89.57,5.94,67.4,watermelon
21.02,38.57,32.52,29.44,41.76,5.63,69.37,mango
55.46,35.86,43.25,26.42,81.47,5.76,194.73,jute
57.32,56.47,46.92,31.72,93.4,7.36,106.52,papaya
16.79,63.11,20.54,29.68,64.99,6.49,49.01,lentil
41.64,41.76,55.22,32.62,91.66,6.84,106.1,papaya
96.32,17.36,56.02,26.2,84.11,6.39,20.39,watermelon
35.11,76.98,84.86,18.34,19.26,7.56,41.2,chickpea
23.92,54.55,27.05,27.17,83.65,6.39,72.22,mungbean
114.54,22.33,67.89,26.79,95.26,5.91,20.02,muskmelon
16.9,68.41,76.39,21.23,18.58,5.62,123.07,kidneybeans
21.56,43.84,8.97,27.56,82.73,6.69,57.43,mungbean
47.47,81.11,38.08,34.0,93.75,6.81,152.42,papaya
22.66,67.13,80.0,28.34,46.51,6.04,168.16,pigeonpeas
19.69,60.74,15.15,26.47,46.97,6.21,39.58,mothbeans
98.5,29.1,43.76,23.43,59.28,6.62,133.14,coffee
23.6,50.16,24.11,24.93,86.02,7.4,63.19,mungbean
107.23,19.11,52.54,27.65,87.19,6.86,49.62,watermelon
23.95,127.18,201.02,26.78,79.46,5.82,76.09,grapes
46.09,64.87,77.94,19.04,17.78,7.19,100.44,chickpea
82.96,25.06,69.61,25.55,85.66,5.95,51.9,watermelon
20.46,31.68,38.64,32.3,60.11,5.17,71.46,mango
24.56,7.28,8.56,25.71,91.78,7.17,106.63,orange
21.91,5.43,9.04,22.88,90.2,6.69,128.65,orange
88.72,40.21,48.55,23.67,82.81,6.24,263.0,rice
81.69,43.88,41.45,24.0,88.82,6.87,212.54,rice
26.15,123.85,201.9,24.16,84.07,6.37,81.17,grapes
92.77,44.42,15.97,21.77,58.52,6.95,54.65,maize
24.51,56.49,17.57,26.67,43.11,7.59,39.26,mothbeans
18.31,58.72,10.89,23.77,65.55,6.88,68.14,lentil
130.13,48.24,38.49,22.89,79.1,7.59,73.28,cotton
77.21,55.66,44.94,23.16,83.79,6.75,273.36,rice
21.46,141.13,202.13,24.2,94.71,5.64,130.34,apple
21.54,16.32,7.32,22.53,92.1,6.96,100.32,orange
24.59,123.5,210.0,23.31,76.49,5.36,65.11,grapes
28.02,69.12,85.99,29.94,48.22,5.69,101.03,pigeonpeas
21.19,11.47,22.36,26.0,94.13,5.69,145.77,coconut
83.29,26.31,44.06,22.18,60.15,6.47,197.55,coffee
20.15,13.73,6.46,20.88,94.92,7.0,116.82,orange
16.87,18.54,5.0,22.25,95.93,6.35,87.19,orange
21.19,60.02,84.81,18.13,16.12,5.45,65.63,kidneybeans
109.28,38.98,34.18,25.8,75.97,6.65,103.92,cotton
112.14,22.34,41.61,27.72,81.66,6.82,55.19,watermelon
86.95,85.8,47.57,28.74,79.38,6.2,83.35,banana
83.79,69.48,51.72,29.92,70.94,5.72,142.27,banana
117.0,8.66,48.06,28.1,92.72,6.51,20.0,muskmelon
23.76,16.56,6.15,20.98,95.11,7.32,91.32,orange
19.25,123.61,191.8,25.06,83.79,5.33,82.17,grapes
20.52,57.16,23.62,30.38,79.37,6.42,56.27,mungbean
19.4,60.44,86.27,16.98,23.24,6.09,81.09,kidneybeans
18.96,115.97,185.7,23.54,88.49,5.37,69.8,grapes
88.84,49.17,35.33,23.46,81.54,6.42,223.99,rice
79.84,42.85,47.69,19.14,80.98,6.43,222.03,rice
56.04,56.4,60.34,35.29,92.08,6.25,121.19,papaya
15.39,48.72,13.31,28.89,45.89,6.62,80.76,mothbeans
43.72,86.71,12.31,30.73,71.05,7.07,65.52,blackgram
96.38,38.53,43.39,22.07,83.26,6.65,220.75,rice
21.17,33.78,22.7,28.15,89.76,6.51,59.82,mungbean
27.16,57.95,89.15,19.13,16.96,5.98,134.14,kidneybeans
35.04,56.09,13.83,25.7,68.44,7.78,67.82,blackgram
22.0,45.99,15.52,30.52,82.23,7.13,51.31,mungbean
80.19,44.92,49.91,22.46,79.63,6.32,259.54,rice
16.91,59.42,15.68,23.14,71.28,6.58,40.13,lentil
92.06,85.16,61.01,26.56,82.62,6.4,86.43,banana
24.34,72.35,91.67,21.11,28.29,5.21,91.05,kidneybeans
60.11,46.93,39.15,25.48,88.12,6.58,198.02,rice
43.06,42.29,42.79,32.05,89.61,6.44,143.49,papaya
78.73,59.3,16.65,19.98,67.78,5.88,107.92,maize
16.85,70.49,82.9,16.28,22.88,5.55,116.63,kidneybeans
81.38,81.14,45.76,30.18,78.4,5.3,105.55,banana
41.64,64.9,69.44,19.83,14.93,7.63,66.8,chickpea
35.99,66.14,76.19,17.86,19.25,7.4,57.08,chickpea
21.8,19.37,25.93,35.45,41.31,5.68,73.54,mango
89.89,22.72,60.14,27.75,89.98,6.17,26.17,muskmelon
109.09,14.18,48.71,25.72,88.55,6.66,39.32,watermelon
44.01,66.78,22.13,30.32,68.0,6.81,80.25,blackgram
86.16,86.71,39.72,28.95,83.15,6.04,106.08,banana
74.0,36.42,38.81,24.74,77.93,7.23,160.12,jute
104.48,29.8,30.66,27.41,67.09,6.69,171.52,coffee
19.03,18.46,26.48,25.74,98.33,5.76,165.99,coconut
124.12,39.94,49.19,22.81,74.87,7.13,75.74,cotton
14.85,52.05,19.24,30.2,49.84,6.67,76.86,mothbeans
44.41,58.72,78.86,18.93,14.0,7.35,107.4,chickpea
27.27,47.03,16.69,31.98,82.65,6.97,39.2,mungbean
47.66,84.06,52.58,30.62,93.38,6.78,149.4,papaya
21.28,29.45,10.35,30.57,48.28,6.46,46.79,mothbeans
145.34,49.76,43.74,24.97,80.93,6.53,82.71,cotton
18.8,49.57,19.75,28.99,87.53,7.03,72.91,mungbean
108.9,8.78,47.98,28.64,90.93,6.21,40.1,muskmelon
94.77,71.8,45.07,27.92,83.89,6.46,61.24,banana
25.12,150.0,189.43,23.98,92.14,5.46,108.18,apple
64.52,23.99,49.88,25.1,89.63,5.83,227.53,rice
87.41,15.83,60.63,29.33,92.26,6.55,20.0,muskmelon
78.36,41.68,41.04,19.3,84.5,6.59,216.73,rice
27.3,53.59,19.41,29.78,87.72,6.63,24.4,mungbean
110.66,10.52,37.58,27.93,87.57,6.27,63.17,watermelon
107.94,53.32,47.39,25.6,86.78,6.6,86.04,cotton
36.17,68.44,87.87,14.83,17.78,8.53,89.24,chickpea
104.36,20.07,40.13,24.24,86.01,6.67,64.3,watermelon
16.36,75.63,78.56,21.36,14.67,5.75,104.18,kidneybeans
101.46,11.49,45.04,22.53,85.03,5.87,76.47,watermelon
18.41,14.85,18.5,28.11,94.08,5.86,178.87,coconut
17.77,53.52,20.0,24.7,63.64,7.21,54.02,lentil
20.8,118.62,210.0,23.09,83.98,6.63,82.22,grapes
30.51,14.42,12.15,22.81,91.98,7.07,78.61,orange
76.06,59.44,20.91,25.31,58.91,7.19,61.24,maize
95.39,47.79,38.63,24.87,79.39,6.25,210.51,rice
78.19,56.75,23.86,24.66,57.16,5.73,84.77,maize
43.48,63.84,71.91,21.54,14.0,7.74,69.65,chickpea
77.51,24.15,47.03,24.67,77.67,6.06,191.32,rice
23.79,46.19,22.95,27.6,54.94,6.87,51.4,mothbeans
74.11,32.64,52.55,23.53,82.25,6.19,184.92,rice
80.59,10.56,44.58,23.94,88.31,6.86,64.29,watermelon
24.19,12.23,24.92,25.64,93.16,5.85,152.47,coconut
69.68,52.82,21.36,23.26,69.96,5.74,98.46,maize
76.02,57.14,17.92,19.7,70.25,5.98,64.75,maize
27.57,67.36,17.49,26.04,57.86,6.37,56.24,lentil
52.73,77.11,24.74,25.8,53.2,6.51,93.33,blackgram
66.42,56.0,11.85,21.47,64.62,6.74,55.08,maize
76.82,46.63,36.84,22.85,79.19,5.6,230.1,rice
85.04,42.09,48.45,25.21,76.94,7.07,136.49,jute
25.08,16.12,36.56,27.15,93.34,6.68,207.7,coconut
19.27,36.91,15.34,29.8,43.36,6.53,76.09,mothbeans
25.08,19.84,31.24,25.19,92.08,6.41,165.77,coconut
17.71,19.02,51.01,21.44,91.05,6.0,70.76,pomegranate
47.38,55.74,24.67,20.99,65.32,6.55,89.05,maize
43.35,63.59,80.31,19.09,14.0,7.64,72.02,chickpea
108.06,22.77,48.48,25.28,87.04,6.05,53.02,watermelon
17.39,57.55,86.31,26.15,47.22,5.92,155.29,pigeonpeas
109.15,13.87,50.98,23.19,88.37,6.48,60.83,watermelon
18.89,64.52,17.71,24.61,61.36,6.26,45.89,lentil
111.1,20.97,38.85,32.52,91.63,5.18,26.7,muskmelon
83.67,27.7,36.32,24.14,78.83,6.29,300.0,rice
120.93,37.09,31.0,25.44,59.75,6.35,132.77,coffee
20.55,74.31,21.63,21.39,66.01,7.14,53.25,lentil
48.02,57.74,16.13,33.25,57.71,6.69,92.23,blackgram
93.51,21.27,49.58,29.85,91.3,7.07,28.84,muskmelon
91.94,41.57,15.5,24.39,61.27,6.09,104.71,maize
19.96,65.87,75.86,26.79,38.5,5.38,148.64,pigeonpeas
71.21,49.41,37.09,26.18,85.73,6.43,240.24,rice
26.41,57.01,26.02,26.21,53.08,6.42,61.79,mothbeans
97.31,18.15,41.67,30.05,93.2,6.16,30.67,muskmelon
96.7,15.46,50.28,27.68,93.73,6.17,27.39,muskmelon
23.89,135.15,178.74,25.39,78.87,7.15,78.76,grapes
14.99,17.41,48.14,17.7,90.25,6.37,108.53,pomegranate
104.52,20.15,40.75,23.36,85.26,6.62,50.89,watermelon
89.56,42.9,27.38,24.68,77.57,6.44,135.36,jute
134.19,35.98,41.27,23.78,83.12,7.27,63.4,cotton
135.34,46.46,49.9,21.99,80.37,7.35,80.42,cotton
51.02,71.51,21.98,31.02,71.45,6.77,61.5,blackgram
21.11,22.29,47.08,21.12,87.29,7.58,95.67,pomegranate
21.46,51.36,69.61,14.4,18.38,5.71,95.58,kidneybeans
42.08,59.2,79.51,19.68,14.77,7.33,70.21,chickpea
44.64,55.38,59.79,33.39,95.04,6.75,192.35,papaya
39.3,76.26,80.72,16.31,17.59,7.62,59.41,chickpea
118.29,16.07,58.84,25.6,86.48,6.29,64.5,watermelon
108.12,16.8,47.12,28.8,95.88,6.49,20.0,muskmelon
72.32,39.62,19.25,22.2,68.2,7.13,98.96,maize
107.16,30.92,34.54,28.9,61.74,6.5,165.27,coffee
18.15,46.28,19.37,26.49,81.38,7.1,47.22,mungbean
44.67,68.42,82.28,20.9,20.6,7.27,77.88,chickpea
36.27,41.27,58.91,32.76,93.01,6.21,157.64,papaya
88.75,29.72,27.94,18.22,61.81,6.67,106.6,coffee
69.3,48.44,40.7,23.12,78.96,6.28,257.51,rice
105.48,17.59,44.93,30.57,91.96,6.32,20.0,muskmelon
81.13,35.2,42.69,23.76,77.4,6.68,272.61,rice
81.11,56.5,27.42,24.86,77.53,6.27,162.38,jute
118.93,42.82,40.09,22.72,76.46,6.63,53.44,cotton
15.51,71.52,85.35,25.34,49.38,6.08,101.18,pigeonpeas
39.38,72.16,25.54,29.91,49.8,7.66,62.56,blackgram
89.98,28.91,54.98,28.78,93.25,6.64,31.21,muskmelon
17.99,23.67,26.6,23.79,99.65,5.13,178.47,coconut
81.27,46.31,44.84,24.3,76.24,6.62,261.7,rice
21.95,17.8,11.54,21.84,91.67,7.19,129.78,orange
15.33,26.24,20.4,29.91,43.25,5.32,80.55,mango
18.03,24.84,24.03,30.76,48.45,5.58,80.23,mango
103.51,17.18,51.6,26.16,95.43,5.93,20.0,muskmelon
65.99,47.88,48.45,22.93,79.23,6.88,247.52,rice
15.15,139.93,170.62,23.44,91.43,6.16,120.99,apple
14.26,56.17,16.71,27.01,90.15,6.65,66.57,mungbean
59.66,55.75,55.74,36.27,95.76,7.12,156.35,papaya
93.25,84.22,36.4,28.97,78.17,5.85,96.36,banana
41.61,78.12,23.4,33.7,73.37,6.78,22.77,blackgram
81.34,12.73,56.1,29.06,89.95,5.98,20.0,muskmelon
16.74,139.53,210.0,24.09,95.43,6.61,163.24,apple
17.16,20.58,28.42,25.17,93.13,5.95,141.46,coconut
40.27,55.62,57.15,36.0,95.59,6.88,138.02,papaya
19.09,63.81,84.4,29.49,33.53,5.4,137.13,pigeonpeas
83.48,26.65,35.57,26.54,79.71,6.56,199.72,jute
16.34,148.98,183.47,25.21,90.24,5.24,104.03,apple
16.29,130.25,204.97,23.7,89.83,5.63,132.05,apple
90.31,48.63,17.57,24.58,68.03,7.11,65.32,maize
22.41,29.06,18.91,32.57,84.84,6.36,38.29,mungbean
17.94,150.0,210.0,22.01,92.87,6.26,119.06,apple
17.95,69.27,13.42,23.66,65.28,7.23,60.16,lentil
20.8,118.18,210.0,23.73,77.62,5.8,59.25,grapes
85.88,46.94,44.73,26.34,80.24,5.77,285.07,rice
113.32,16.18,46.85,22.64,80.31,6.45,43.03,watermelon
21.44,66.12,28.61,23.43,68.26,6.83,48.46,lentil
19.79,120.48,170.63,21.63,91.96,6.29,112.36,apple
22.52,123.06,210.0,24.76,84.14,5.26,73.22,grapes
38.25,76.69,84.73,20.0,17.89,7.92,78.04,chickpea
75.02,54.82,23.79,19.15,74.3,6.66,84.65,maize
92.06,82.89,39.33,27.12,76.28,5.54,118.42,banana
16.55,72.54,79.24,23.97,28.31,5.38,134.34,kidneybeans
7.96,18.47,10.56,22.6,90.98,7.56,114.91,orange
13.49,22.75,36.56,33.07,46.03,5.82,87.75,mango
113.46,20.84,27.46,26.51,69.28,7.07,141.19,coffee
55.97,56.47,62.01,34.83,92.63,6.67,164.72,papaya
16.55,129.29,193.62,23.54,84.96,5.22,48.03,grapes
25.35,137.72,192.2,23.4,80.1,6.34,71.48,grapes
21.33,22.8,24.04,28.56,92.24,5.57,141.92,coconut
118.31,51.83,42.48,24.81,73.82,7.06,101.55,cotton
90.18,53.56,34.8,21.12,82.14,6.34,239.4,rice
18.98,61.41,73.04,27.47,47.95,6.25,143.25,pigeonpeas
38.51,81.39,17.42,30.75,60.26,7.36,64.22,blackgram
44.34,72.59,94.52,18.7,19.28,6.67,90.13,chickpea
25.1,68.95,11.41,29.51,73.79,7.1,52.31,lentil
25.04,61.64,65.59,23.86,22.46,5.8,120.06,kidneybeans
21.07,150.0,188.44,21.7,92.53,5.88,118.47,apple
13.35,9.38,44.8,22.83,87.3,6.17,99.22,pomegranate
23.59,24.5,51.8,17.95,90.1,6.96,111.42,pomegranate
85.41,43.92,34.91,19.95,85.59,6.55,161.21,jute
104.22,18.15,69.93,28.79,100.0,6.33,28.3,muskmelon
21.93,77.86,86.61,25.69,53.82,5.93,148.64,pigeonpeas
81.57,30.13,42.44,24.95,90.25,7.11,182.78,jute
79.28,47.61,43.04,28.61,75.84,6.75,140.48,jute
22.53,16.41,16.71,33.2,44.65,5.97,68.45,mango
25.9,12.12,33.48,20.75,90.77,5.65,41.59,pomegranate
22.48,44.32,18.83,29.45,60.71,6.54,52.73,mothbeans
42.3,60.08,16.32,31.78,59.47,7.02,93.57,blackgram
82.2,40.9,44.58,21.05,82.2,6.23,241.7,rice
20.51,77.44,25.53,26.53,66.63,6.52,45.13,lentil
34.48,70.02,17.07,28.99,65.95,6.54,81.52,blackgram
24.35,57.03,31.96,29.02,53.15,5.94,77.16,mothbeans
16.87,139.15,191.43,21.03,79.64,6.0,94.07,grapes
83.9,17.9,58.09,29.02,85.95,6.28,50.17,watermelon
17.88,45.71,19.36,29.26,91.93,7.2,82.27,mungbean
138.11,36.47,45.99,25.49,82.43,6.98,50.56,cotton
52.19,79.54,58.08,32.67,92.07,6.57,151.97,papaya
115.91,20.7,50.42,25.48,82.8,6.35,60.85,watermelon
13.81,26.27,32.96,31.46,46.16,6.0,95.25,mango
110.22,92.98,38.61,25.25,78.43,5.93,99.24,banana
20.26,71.04,66.25,22.7,23.52,5.85,87.82,kidneybeans
17.08,65.96,9.87,28.82,87.21,6.37,37.74,mungbean
99.81,21.2,51.63,30.91,92.05,6.91,36.8,muskmelon
20.1,13.87,29.67,26.29,94.13,5.16,174.46,coconut
20.9,76.05,78.99,21.36,14.0,5.2,132.41,kidneybeans
16.88,16.76,37.17,15.85,95.94,5.97,86.69,pomegranate
44.85,75.99,14.37,32.47,68.5,6.94,54.42,blackgram
38.27,68.17,15.43,30.73,63.97,7.07,70.91,blackgram
99.48,20.13,50.43,27.38,82.99,6.68,48.74,watermelon
102.52,99.07,56.24,26.91,78.18,5.84,136.46,banana
25.81,19.81,29.8,19.06,86.4,5.78,118.62,pomegranate
101.67,30.18,33.41,24.48,61.62,7.07,157.25,coffee
53.34,61.63,47.8,34.02,91.02,6.59,140.03,papaya
85.06,55.93,39.36,27.05,70.66,6.87,170.39,jute
26.6,15.7,30.8,27.31,97.55,6.27,163.2,coconut
21.98,23.23,10.11,23.8,95.75,6.62,128.43,orange
27.51,18.49,43.44,26.34,92.79,6.07,178.23,coconut
98.38,21.07,51.95,27.79,85.04,6.48,41.94,watermelon
23.2,135.21,207.48,22.45,92.43,6.22,115.75,apple
47.85,49.15,56.22,30.17,92.78,6.63,131.91,papaya
101.17,14.26,38.44,29.32,93.63,6.4,20.0,muskmelon
104.79,12.31,53.93,31.43,87.49,6.7,26.01,muskmelon
117.94,46.33,42.45,27.63,83.27,6.65,68.02,cotton
24.85,135.36,200.02,26.24,79.5,5.42,82.55,grapes
79.22,52.57,42.58,24.27,70.45,6.97,176.71,jute
79.9,36.4,40.67,23.13,76.42,6.31,151.35,jute
26.78,117.86,185.8,24.98,82.64,6.14,64.25,grapes
18.86,81.3,18.7,25.77,57.97,7.5,51.65,lentil
63.15,42.13,42.91,25.14,85.51,6.85,221.37,rice
22.2,21.28,34.63,28.89,45.5,5.87,100.4,mango
23.12,60.36,28.58,29.52,57.75,6.47,41.87,lentil
18.71,134.02,193.52,26.61,96.47,6.45,131.45,apple
17.25,43.35,20.34,27.73,87.88,7.41,46.86,mungbean
22.08,14.87,29.36,28.57,94.62,5.96,151.05,coconut
78.34,56.25,38.33,25.57,90.08,6.73,257.66,rice
55.04,47.01,21.72,23.86,76.54,6.06,66.35,maize
24.89,20.52,32.76,33.48,52.86,5.81,61.52,mango
20.93,14.37,46.66,22.18,86.2,6.04,107.61,pomegranate
109.19,42.72,48.27,23.16,80.23,7.31,87.25,cotton
22.19,61.12,21.44,24.82,72.07,6.87,41.51,lentil
92.71,16.37,54.28,30.43,90.09,6.33,26.39,muskmelon
24.48,15.47,5.97,22.02,91.82,7.82,107.61,orange
17.31,125.02,203.78,26.99,81.62,6.21,67.19,grapes
17.94,63.34,16.74,28.6,59.59,6.59,34.04,mothbeans
105.79,18.88,23.57,24.18,50.47,6.95,145.57,coffee
21.56,68.51,56.95,18.12,19.66,5.33,135.3,kidneybeans
17.75,63.45,81.28,20.14,26.57,5.97,123.17,kidneybeans
89.34,79.62,41.76,26.48,72.54,5.68,97.16,banana
102.47,23.45,51.04,24.7,89.25,6.56,54.28,watermelon
24.03,72.31,20.11,21.95,65.96,7.38,55.86,lentil
16.82,64.46,13.11,18.62,67.61,7.49,32.21,lentil
89.66,34.62,30.04,27.21,55.55,7.4,148.64,coffee
20.21,51.9,89.59,26.83,48.66,5.99,181.02,pigeonpeas
41.49,64.69,38.98,32.6,91.99,6.03,145.83,papaya
39.76,65.04,51.41,34.79,89.4,6.9,132.67,papaya
17.75,20.69,19.0,24.29,91.25,6.78,126.25,orange
22.91,48.42,5.0,27.75,80.43,7.25,51.26,mungbean
70.74,38.39,21.45,23.85,72.8,6.4,41.52,maize
101.33,17.61,44.87,28.23,89.44,5.92,20.0,muskmelon
25.51,20.96,28.53,33.48,53.54,5.49,116.88,mango
81.01,46.56,36.15,23.83,84.88,6.11,215.82,rice
40.42,57.52,20.41,28.94,68.44,7.07,69.82,blackgram
69.02,40.25,49.27,25.97,86.01,5.9,240.38,rice
77.74,50.58,25.08,22.64,60.85,6.29,62.12,maize
23.32,131.71,191.97,24.98,83.21,5.7,72.43,grapes
23.85,69.76,19.34,26.2,71.36,6.9,43.23,lentil
71.12,50.15,37.35,25.75,81.75,6.8,143.81,jute
124.07,47.7,33.23,25.16,87.99,7.31,104.09,cotton
98.91,24.98,33.04,23.78,53.25,6.48,178.23,coffee
105.76,99.55,53.65,30.66,79.07,6.12,104.87,banana
15.35,31.55,51.96,31.37,46.62,5.62,83.4,mango
86.52,24.21,48.81,27.79,85.0,6.45,67.89,watermelon
22.09,21.99,5.0,25.85,91.54,7.03,117.52,orange
111.05,17.18,57.76,24.42,83.48,6.62,59.91,watermelon
24.48,35.96,19.54,28.6,45.32,7.01,40.71,mothbeans
24.61,75.08,78.31,24.51,39.69,6.34,142.46,pigeonpeas
127.61,42.96,48.63,23.49,81.15,7.16,74.75,cotton
129.32,38.43,53.33,25.22,84.02,7.32,48.11,cotton
20.72,139.17,210.0,21.39,94.36,5.7,82.15,apple
22.84,63.09,78.02,21.82,26.31,6.07,84.88,kidneybeans
101.9,44.74,49.14,26.24,79.77,6.64,94.72,cotton
18.93,28.78,34.72,29.74,47.38,5.56,91.91,mango
78.45,39.87,27.56,22.22,89.51,6.34,284.74,rice
20.3,135.91,183.0,25.75,91.03,5.83,109.27,apple
29.6,144.43,201.83,23.32,76.91,5.74,56.01,grapes
22.6,134.9,196.05,21.01,91.07,5.41,113.0,apple
37.59,79.07,19.02,28.62,69.27,7.13,55.7,blackgram
16.27,22.31,26.7,25.99,86.69,5.69,140.91,pomegranate
62.81,72.72,50.97,34.55,90.12,6.89,161.22,papaya
71.56,40.02,20.11,23.11,74.38,6.22,103.4,maize
21.01,13.55,24.62,27.85,93.58,5.77,148.7,coconut
17.61,29.19,33.39,31.54,49.05,6.09,106.58,mango
18.03,146.08,206.56,19.48,92.94,5.7,131.35,apple
26.12,110.08,206.12,24.4,82.86,6.05,52.99,grapes
16.78,24.82,12.76,19.55,88.45,7.3,109.44,orange
23.0,18.94,50.43,19.21,90.93,6.19,84.45,pomegranate
21.02,77.4,78.96,22.8,41.04,6.41,158.06,pigeonpeas
21.78,17.85,41.23,21.29,92.79,6.17,117.65,pomegranate
92.0,77.94,45.31,25.02,77.23,6.23,101.31,banana
82.24,73.18,53.17,28.79,75.94,6.29,88.19,banana
23.16,51.48,27.51,30.25,53.41,6.62,39.69,mothbeans
37.17,71.6,18.7,32.79,71.46,6.56,101.0,blackgram
17.15,57.32,20.08,23.27,89.38,6.27,79.59,mungbean
44.14,64.58,79.25,18.94,20.91,6.8,58.32,chickpea
36.5,58.89,12.63,28.1,62.94,7.02,20.0,blackgram
96.34,36.11,20.16,26.86,61.89,6.43,156.0,coffee
107.65,42.76,48.79,22.08,73.69,7.23,75.27,cotton
21.78,31.98,40.02,31.66,45.67,5.5,78.94,mango
55.05,64.37,73.69,35.31,92.65,7.19,143.27,papaya
21.91,22.52,9.78,24.04,90.89,7.06,113.9,orange
117.2,32.96,35.41,19.57,80.09,6.42,112.47,cotton
22.12,14.88,46.2,25.93,92.02,6.41,112.25,pomegranate
22.74,128.27,210.0,26.03,80.98,5.47,71.14,grapes
102.69,79.01,62.93,25.14,77.86,6.16,109.94,banana
71.51,61.3,33.64,23.11,66.81,6.24,94.54,maize
18.84,17.76,32.51,25.29,95.07,6.32,138.06,coconut
17.48,49.44,21.37,27.14,66.3,7.08,51.26,mothbeans
15.02,31.34,24.76,35.38,48.82,5.4,70.01,mango
19.64,19.31,32.02,30.14,50.36,5.84,79.83,mango
18.57,150.0,210.0,22.63,94.61,6.07,148.07,apple
91.34,29.5,47.68,30.84,90.81,6.44,20.0,muskmelon
14.04,66.75,13.46,27.19,61.48,7.02,58.87,lentil
14.52,18.25,40.79,24.56,88.0,7.0,102.42,pomegranate
95.31,74.72,43.0,28.31,79.14,5.27,107.59,banana
14.59,124.01,196.78,21.46,92.96,5.54,132.87,apple
19.97,16.03,5.5,19.82,92.88,7.21,127.33,orange
51.27,51.85,66.21,30.73,93.87,6.47,144.14,papaya
20.35,77.51,24.54,24.97,69.16,6.94,44.39,lentil
113.9,48.53,36.0,24.22,81.41,6.95,102.41,cotton
98.92,29.34,24.27,25.36,72.28,6.75,143.45,coffee
22.51,10.5,23.7,28.06,95.0,6.23,179.13,coconut
26.74,63.88,22.38,24.65,56.41,6.79,35.95,lentil
21.32,121.28,178.08,22.6,94.33,5.73,82.91,apple
91.92,15.57,58.7,32.87,96.7,7.15,31.2,muskmelon
43.8,69.76,14.88,33.12,71.73,7.22,65.83,blackgram
46.98,72.83,18.25,30.16,60.07,7.43,50.56,blackgram
19.52,58.81,76.41,31.16,43.34,6.08,135.22,pigeonpeas
37.94,65.09,68.43,17.7,22.4,7.61,86.59,chickpea
78.14,51.59,38.68,21.37,77.22,6.42,258.89,rice
117.42,50.01,38.76,24.65,76.52,7.26,69.72,cotton
18.2,53.78,71.83,27.61,44.65,6.35,163.66,pigeonpeas
14.64,62.26,64.24,19.93,26.03,6.27,98.27,kidneybeans
61.97,46.67,28.17,27.45,57.28,5.95,95.83,maize
87.07,71.53,48.5,29.02,85.94,6.37,124.21,banana
83.2,55.56,43.5,26.58,82.1,5.96,121.21,jute
15.73,25.62,7.72,19.72,95.19,7.02,135.67,orange
55.51,58.98,43.86,34.42,97.83,6.75,154.93,papaya
24.57,14.56,34.61,28.09,95.83,5.67,167.8,coconut
20.81,49.36,24.22,25.15,39.27,6.28,36.29,mothbeans
87.76,46.05,37.73,23.13,87.8,6.63,277.23,rice
23.36,138.69,204.86,24.1,83.83,6.53,78.82,grapes
24.45,72.08,19.7,25.34,64.14,6.4,43.67,lentil
51.01,65.55,51.69,32.02,90.77,6.72,90.08,papaya
37.98,63.68,69.86,17.25,17.63,7.1,86.09,chickpea
47.88,64.34,76.64,21.56,22.15,7.64,81.81,chickpea
20.63,146.22,185.62,17.4,92.79,5.89,85.55,apple
82.37,8.51,43.04,24.24,84.63,6.73,50.02,watermelon
79.18,55.98,59.09,24.52,82.28,5.9,249.96,rice
48.63,47.35,37.19,33.46,94.63,7.06,146.11,papaya
21.91,60.43,23.59,22.75,82.88,7.0,63.12,mungbean
98.67,50.01,53.8,26.12,85.02,7.28,121.02,jute
52.58,62.44,56.22,34.68,95.38,6.93,115.53,papaya
17.0,21.29,37.74,23.6,91.87,7.02,93.75,pomegranate
16.52,130.7,210.0,25.82,90.39,5.81,147.4,apple
72.47,54.28,52.9,24.96,83.1,6.9,200.92,jute
50.54,70.32,29.39,28.06,66.6,6.76,50.47,blackgram
61.41,39.79,22.01,24.32,72.2,6.4,82.66,maize
21.83,27.03,40.29,22.04,87.3,5.94,102.29,pomegranate
20.35,80.85,95.79,25.86,39.41,6.24,115.66,pigeonpeas
84.05,15.47,49.43,27.93,92.83,5.94,20.0,muskmelon
25.3,47.97,27.89,29.82,88.43,6.6,30.96,mungbean
35.59,69.62,24.0,32.24,62.52,7.09,60.19,blackgram
69.45,32.07,46.35,24.27,86.84,6.5,144.37,jute
25.17,21.53,31.09,24.53,93.25,5.59,145.12,coconut
48.18,65.47,19.71,31.08,77.33,6.73,83.02,blackgram
117.42,56.82,35.01,24.28,81.77,7.07,59.66,cotton
87.66,14.27,59.84,24.51,85.25,6.28,47.97,watermelon
24.16,79.03,87.79,27.89,49.22,5.57,129.69,pigeonpeas
98.55,84.36,57.74,28.56,77.14,5.86,111.55,banana
21.03,149.76,197.09,21.47,93.16,5.95,113.68,apple
23.23,147.18,191.2,20.91,94.38,5.82,115.21,apple
18.96,78.6,13.78,24.07,65.35,7.0,42.46,lentil
44.25,51.97,51.87,32.75,90.48,6.79,116.63,papaya
22.14,45.58,21.05,31.08,80.81,6.82,65.12,mungbean
94.87,38.94,20.87,23.44,65.16,6.99,65.46,maize
18.97,86.54,84.11,27.16,50.83,5.32,161.46,pigeonpeas
114.21,41.02,21.54,27.03,67.48,5.98,165.71,coffee
22.35,17.12,5.39,19.64,91.87,6.04,113.28,orange
18.45,18.41,38.52,21.45,86.92,6.47,108.5,pomegranate
20.48,48.94,24.37,29.56,80.28,6.48,61.3,mungbean
114.35,22.89,33.45,28.17,61.1,6.72,171.6,coffee
81.12,35.21,38.89,21.51,88.52,6.33,183.79,rice
14.56,80.26,11.94,29.58,66.74,7.16,59.66,lentil
24.72,16.44,38.07,27.28,92.8,5.79,174.57,coconut
113.21,29.11,47.86,23.39,62.54,5.99,140.34,coffee
48.93,62.7,19.9,30.38,60.78,7.67,82.28,blackgram
20.51,62.37,88.21,26.67,43.37,5.13,150.7,pigeonpeas
25.42,132.78,197.34,27.1,78.91,6.04,88.03,grapes
102.03,20.82,48.83,28.22,85.66,6.46,39.46,watermelon
17.27,17.32,5.54,21.98,92.87,7.36,119.41,orange
87.67,60.49,42.96,24.73,88.81,6.28,258.36,rice
18.58,60.28,72.96,21.98,18.08,5.93,123.69,kidneybeans
41.86,61.24,73.76,22.86,19.87,6.65,95.53,chickpea
119.38,16.67,32.17,22.97,59.03,6.43,120.07,coffee
95.87,68.34,35.63,26.57,83.15,5.88,109.32,banana
16.2,32.45,21.16,26.5,41.85,6.13,96.31,mango
105.64,17.03,57.42,26.85,92.02,6.89,20.0,muskmelon
20.13,21.23,5.0,24.47,90.24,6.81,130.57,orange
94.78,48.47,43.41,25.56,82.8,6.35,145.56,jute
84.4,48.86,46.19,25.57,75.77,7.68,192.05,jute
110.57,18.75,40.61,29.09,86.91,6.51,20.0,muskmelon
22.83,55.15,23.64,30.97,85.69,6.54,36.88,mungbean
130.39,48.0,37.0,23.16,80.77,6.24,102.21,cotton
13.35,144.93,200.89,24.87,93.23,5.78,123.62,apple
109.3,27.77,30.26,21.87,61.15,6.18,146.58,coffee
21.76,48.61,18.29,27.67,88.98,6.26,34.9,mungbean
16.49,78.71,16.1,19.96,72.63,6.47,34.72,lentil
100.4,22.19,51.61,26.16,88.65,6.32,20.0,muskmelon
70.45,47.97,25.05,25.82,59.07,6.72,79.15,maize
21.37,56.55,21.58,24.87,59.83,7.47,20.51,lentil
15.39,15.14,24.99,25.47,94.5,5.69,148.09,coconut
43.72,71.92,76.6,17.78,16.82,7.01,41.3,chickpea
20.98,70.48,83.99,20.7,17.68,5.56,75.23,kidneybeans
115.64,24.3,34.12,23.01,61.1,6.63,141.04,coffee
100.65,88.7,60.59,25.12,77.71,4.91,97.84,banana
19.33,51.94,17.86,27.28,53.04,6.71,57.12,mothbeans
92.98,16.35,46.84,28.52,90.49,6.69,53.75,watermelon
85.37,73.18,56.77,28.87,76.99,6.37,80.35,banana
35.93,72.16,12.06,27.15,60.58,7.42,83.76,blackgram
112.13,38.93,31.14,25.36,67.04,6.63,153.17,coffee
18.21,66.5,82.93,27.85,54.92,5.39,146.79,pigeonpeas
73.71,19.58,53.95,29.03,78.63,6.2,175.28,jute
36.24,50.88,15.45,30.7,68.53,7.14,63.71,blackgram
19.48,141.76,176.83,22.91,76.86,5.61,51.24,grapes
22.0,127.29,210.0,24.96,80.52,6.12,81.14,grapes
50.03,61.04,65.39,34.71,93.52,7.21,138.77,papaya
10.96,23.4,36.72,31.48,47.5,5.91,96.3,mango
21.36,49.37,17.9,28.61,52.28,6.7,48.99,mothbeans
93.94,28.75,42.1,21.71,85.64,6.95,260.1,rice
22.57,70.27,80.42,14.95,27.88,5.54,106.96,kidneybeans
22.8,143.02,194.12,29.88,81.73,5.64,46.21,grapes
102.85,21.85,60.03,22.23,84.53,6.79,60.66,watermelon
16.59,14.85,5.0,21.82,91.51,7.3,92.33,orange
108.14,46.73,34.48,22.64,80.34,7.46,95.98,cotton
24.59,76.32,95.18,20.5,25.31,5.99,135.52,kidneybeans
24.64,74.63,86.55,26.55,42.95,5.44,129.3,pigeonpeas
17.4,53.96,72.35,27.62,45.3,5.57,134.75,pigeonpeas
48.64,69.14,82.91,20.26,19.34,7.33,78.58,chickpea
20.43,16.13,39.62,26.18,91.22,6.3,117.76,pomegranate
25.06,121.2,191.32,20.28,76.34,5.94,78.15,grapes
19.36,20.17,26.3,28.91,95.79,5.6,204.74,coconut
100.76,105.47,52.72,25.58,78.9,5.99,89.96,banana
20.74,26.88,30.96,18.24,93.91,7.04,132.12,pomegranate
61.11,57.35,47.45,24.88,76.98,6.26,284.63,rice
109.47,66.76,43.79,27.32,78.91,6.81,112.64,banana
75.53,93.24,49.7,30.12,82.5,5.98,114.98,banana
117.98,91.8,55.01,25.44,78.78,5.71,132.24,banana
126.62,52.16,38.87,22.29,72.23,6.62,68.65,cotton
99.12,12.92,58.88,28.48,87.62,6.26,82.06,watermelon
18.14,43.74,21.13,31.25,82.11,6.77,67.9,mungbean
24.41,16.67,17.88,32.52,53.83,6.19,99.75,mango
17.16,13.3,26.41,23.71,94.35,6.04,98.4,pomegranate
108.42,10.06,48.55,28.36,91.37,5.91,30.1,muskmelon
24.57,10.09,11.52,20.56,96.73,6.98,135.62,orange
87.99,54.09,9.78,21.22,65.83,5.69,71.18,maize
103.54,74.7,51.14,25.63,83.63,6.4,96.92,banana
86.98,69.81,53.45,27.93,82.85,6.83,150.44,jute
103.55,18.76,36.71,26.1,53.5,7.62,163.36,coffee
41.48,69.62,21.5,31.75,63.78,7.41,78.07,blackgram
23.08,44.55,18.38,31.37,61.07,5.86,37.16,mothbeans
97.83,15.97,50.69,25.6,94.44,7.18,28.42,muskmelon
38.56,63.81,19.13,30.61,67.41,6.9,47.8,blackgram
25.1,128.04,203.03,24.22,84.36,6.31,57.91,grapes
22.4,143.65,204.56,20.87,84.08,5.63,80.77,grapes
121.48,41.69,52.8,22.75,81.58,7.33,62.79,cotton
18.15,134.54,210.0,24.16,78.68,5.65,83.7,grapes
19.74,66.96,86.43,25.36,47.47,6.47,117.71,pigeonpeas
21.48,21.33,8.21,22.83,91.1,6.62,92.79,orange
17.1,43.32,13.95,27.0,53.25,7.14,41.2,mothbeans
22.91,35.49,29.33,30.54,49.09,6.18,75.23,mango
72.23,50.45,54.21,25.08,77.99,6.9,153.4,jute
21.13,17.65,20.31,30.13,61.26,6.21,82.78,mango
18.92,65.9,13.59,26.19,67.16,7.33,35.34,lentil
20.02,45.32,20.16,24.85,41.93,6.38,41.68,mothbeans
22.14,43.27,18.76,29.64,87.13,6.5,20.0,mungbean
54.21,67.21,47.56,34.61,92.04,6.68,142.18,papaya
15.07,17.08,10.1,21.71,88.09,6.86,137.79,orange
99.05,78.76,45.63,28.67,77.69,6.25,118.72,banana
19.24,11.19,23.03,25.28,95.47,5.72,179.65,coconut
13.95,21.7,42.41,32.1,47.22,6.06,112.29,mango
40.58,74.45,13.43,30.1,63.32,6.72,46.53,blackgram
87.32,36.73,22.0,18.79,63.91,6.41,102.44,maize
102.64,21.16,52.4,30.47,90.99,6.25,25.79,muskmelon
27.7,66.89,21.2,26.85,54.97,7.21,75.24,blackgram
71.6,59.83,48.98,25.46,85.49,6.05,200.4,jute
106.84,93.15,40.2,27.53,81.29,5.76,132.55,banana
16.31,18.23,14.6,20.77,94.55,6.61,140.11,orange
19.59,60.18,23.51,29.01,70.85,6.48,50.25,lentil
69.06,52.03,27.5,22.28,75.13,5.81,99.15,maize
18.46,44.04,18.56,26.23,88.26,6.44,56.51,mungbean
103.85,50.42,38.62,21.81,79.4,6.71,100.03,cotton
110.99,55.3,38.54,22.62,83.16,6.78,125.68,cotton
86.28,19.07,34.8,23.57,64.56,6.67,131.3,coffee
27.7,36.7,26.05,26.02,85.0,6.63,51.76,mungbean
14.55,70.06,82.19,20.52,16.82,5.63,82.8,kidneybeans
43.28,62.29,72.42,23.51,19.76,6.76,50.06,chickpea
20.52,43.19,22.0,26.58,88.57,7.15,41.92,mungbean
14.9,13.89,48.87,22.21,88.16,6.12,87.42,pomegranate
20.19,64.16,16.64,23.08,69.97,7.48,58.23,lentil
26.16,72.9,27.24,25.46,54.12,6.54,53.75,lentil
77.07,45.93,35.78,26.52,79.57,6.86,209.85,rice
100.44,15.42,43.58,25.09,81.77,6.41,44.81,watermelon
81.0,48.53,39.24,24.36,71.53,7.74,180.6,jute
24.35,16.73,44.14,21.77,89.97,5.99,73.05,pomegranate
19.33,77.89,22.57,21.66,58.59,6.26,54.0,lentil
41.42,59.49,18.84,32.63,57.16,7.19,79.88,blackgram
20.9,125.58,196.58,25.22,83.1,6.38,83.13,grapes
22.68,16.51,20.02,34.83,59.03,5.8,80.89,mango
83.09,38.47,37.07,21.97,78.01,5.85,246.14,rice
77.28,51.05,36.84,25.62,81.57,6.81,164.2,jute
82.56,86.6,50.31,25.59,77.46,5.15,123.09,banana
105.52,51.64,40.44,21.5,87.62,7.13,96.4,cotton
64.01,44.75,36.78,24.18,69.68,5.96,154.36,jute
35.8,64.27,70.66,17.04,19.57,7.45,60.06,chickpea
16.41,21.75,14.32,28.52,94.86,6.03,203.16,coconut
21.33,42.81,23.82,31.25,83.45,6.52,48.05,mungbean
18.05,78.45,82.68,23.74,49.86,6.04,156.24,pigeonpeas
108.69,87.09,34.31,29.87,74.64,5.55,101.3,banana
83.88,79.97,50.75,27.88,78.24,5.85,103.77,banana
18.37,57.62,21.95,30.55,67.0,7.26,41.4,lentil
18.98,49.11,23.46,29.53,83.47,6.96,43.31,mungbean
53.55,63.3,57.93,35.85,95.67,7.33,139.95,papaya
18.91,46.99,88.76,18.35,23.55,6.0,125.95,kidneybeans
98.77,14.12,44.19,22.71,84.09,6.07,63.09,watermelon
23.19,15.77,30.66,25.78,94.34,6.38,190.83,coconut
23.09,84.11,70.74,21.25,21.5,5.49,135.24,kidneybeans
65.78,56.38,23.21,24.78,70.66,6.38,85.72,maize
15.14,29.31,25.67,31.85,52.65,6.14,110.56,mango
17.9,136.05,189.7,23.76,75.74,6.62,35.01,grapes
26.47,37.93,15.02,29.1,65.83,6.53,39.72,mothbeans
44.28,58.69,52.82,36.24,92.69,7.02,166.63,papaya
22.3,13.52,14.18,22.38,94.63,7.44,79.24,orange
98.38,32.94,43.21,25.74,89.15,6.5,273.46,rice
21.88,10.62,26.31,26.46,95.0,5.46,160.42,coconut
40.97,74.68,30.66,26.0,72.07,7.64,56.12,blackgram
13.94,71.92,19.36,19.19,54.82,6.23,64.79,lentil
99.15,18.26,53.86,22.28,87.15,6.53,35.08,watermelon
19.4,23.48,19.75,28.35,51.48,5.47,97.9,mango
22.08,29.88,30.89,31.04,46.8,5.85,86.22,mango
20.18,57.96,70.97,25.82,53.97,5.82,176.9,pigeonpeas
18.4,16.09,33.32,20.24,86.27,6.32,106.17,pomegranate
21.13,57.31,16.77,27.34,80.57,6.39,59.31,mungbean
24.0,55.66,73.35,19.25,26.24,5.85,75.07,kidneybeans
11.47,45.9,24.4,29.0,47.35,6.44,33.23,mothbeans
21.55,12.34,27.62,26.21,96.21,5.95,168.73,coconut
21.48,62.28,69.99,19.33,14.0,5.69,120.38,kidneybeans
76.46,48.53,40.13,25.14,84.9,6.14,265.04,rice
15.1,44.54,18.53,28.75,91.78,6.76,85.87,mungbean
73.37,62.58,48.79,26.64,87.35,6.84,268.74,rice
19.82,12.81,53.7,25.03,91.67,6.64,125.78,pomegranate
89.07,53.51,40.37,23.81,83.31,6.58,159.9,jute
19.42,61.27,19.12,21.33,59.7,6.89,33.22,lentil
21.22,41.15,16.43,26.53,68.18,6.73,57.59,mothbeans
22.23,63.08,80.05,26.78,39.41,5.13,177.18,pigeonpeas
17.48,20.93,44.11,19.77,94.81,5.46,72.03,pomegranate
24.36,50.28,22.14,30.21,60.34,6.7,40.79,mothbeans
44.56,58.92,17.89,28.4,73.18,7.03,56.61,blackgram
47.85,58.21,54.85,31.91,90.02,6.06,128.12,papaya
103.9,31.06,37.99,28.83,52.57,6.0,160.48,coffee
104.59,84.35,56.74,26.01,84.25,5.79,73.67,banana
16.32,34.96,20.88,31.39,48.24,5.94,94.87,mango
42.63,70.51,71.26,19.68,15.43,7.18,95.58,chickpea
106.51,16.19,56.51,30.64,91.96,7.32,25.66,muskmelon
14.83,31.74,20.41,31.37,43.09,5.78,96.97,mango
37.91,77.59,12.47,31.41,70.71,6.16,65.52,blackgram
102.97,11.07,42.26,27.47,93.32,6.17,21.29,muskmelon
27.98,69.32,75.45,27.29,46.8,5.45,198.17,pigeonpeas
91.29,40.42,17.35,22.22,66.94,7.01,105.84,maize
19.51,21.01,10.63,19.15,89.43,6.57,91.84,orange
19.72,23.15,38.18,24.22,93.84,5.82,93.34,pomegranate
17.89,14.09,8.02,22.07,90.14,6.95,130.09,orange
19.65,58.42,19.09,25.28,64.92,6.62,43.35,lentil
88.31,5.0,41.0,25.76,84.12,7.01,49.75,watermelon
22.46,36.34,23.78,29.99,90.31,7.27,54.26,mungbean
26.74,11.78,26.94,30.35,98.01,7.11,167.71,coconut
21.76,66.07,15.06,26.66,83.36,7.01,50.08,mungbean
29.01,8.47,25.26,26.28,94.83,5.76,161.3,coconut
17.8,55.62,21.02,28.32,43.09,6.81,54.86,mothbeans
24.07,49.18,27.39,30.92,52.67,7.33,68.19,mothbeans
41.09,75.85,61.43,36.61,93.19,6.92,122.41,papaya
16.25,14.24,22.99,26.58,95.47,5.65,122.84,coconut
76.75,52.49,50.12,22.04,75.53,6.39,212.45,rice
90.56,47.83,19.05,19.94,60.26,6.11,76.23,maize
99.49,13.92,45.32,29.22,84.72,7.23,63.23,watermelon
18.57,129.59,210.0,25.77,79.82,6.62,52.97,grapes
109.16,33.59,27.15,33.4,61.73,6.94,174.7,coffee
22.02,13.33,34.36,27.13,94.91,5.19,78.86,pomegranate
23.03,17.9,43.17,21.12,86.24,6.82,111.02,pomegranate
41.32,67.29,98.41,15.85,19.1,7.47,95.76,chickpea
83.36,42.5,16.1,25.39,57.38,6.12,91.84,maize
18.36,36.83,22.34,28.85,61.01,5.21,103.31,mango
17.78,15.26,46.01,19.36,91.01,5.67,91.57,pomegranate
20.52,47.75,22.98,25.26,87.98,6.5,65.29,mungbean
105.34,51.78,58.47,25.37,78.79,6.7,96.62,cotton
17.41,48.59,21.41,26.03,78.5,6.74,51.91,mungbean
77.96,38.1,15.31,19.64,65.44,6.46,107.78,maize
22.28,66.28,79.85,20.14,19.83,5.39,90.67,kidneybeans
19.92,74.03,85.97,25.42,45.28,5.47,182.43,pigeonpeas
65.0,40.86,40.9,19.98,69.31,6.59,131.73,jute
94.7,28.26,25.96,24.82,59.5,7.14,117.57,coffee
125.48,31.33,50.89,20.79,76.32,8.04,112.5,cotton
79.78,46.78,37.52,24.27,81.84,7.08,184.73,jute
98.76,45.8,50.55,21.57,76.96,7.3,78.22,cotton
20.92,38.66,20.21,22.93,61.65,6.38,36.88,mothbeans
110.35,22.52,49.98,26.02,84.34,6.61,45.57,watermelon
95.41,92.51,40.08,25.31,80.1,6.1,97.76,banana
18.8,54.15,84.48,26.59,39.99,5.53,136.18,pigeonpeas
85.84,27.44,16.54,19.67,55.56,6.46,92.15,maize
15.24,127.48,197.62,26.14,82.42,6.12,63.73,grapes
15.72,18.22,30.04,29.7,56.0,5.52,103.9,mango
71.66,43.18,39.9,25.21,89.65,5.76,202.88,rice
26.41,150.0,188.31,19.77,90.55,5.46,117.91,apple
98.6,80.42,27.23,28.45,82.0,5.91,84.42,banana
100.94,26.76,19.89,28.33,65.74,6.83,180.33,coffee
18.1,51.47,20.37,26.17,61.54,6.36,70.49,mothbeans
22.07,138.27,191.18,22.76,89.11,5.94,123.41,apple
11.46,58.34,9.61,31.99,89.84,6.62,72.65,mungbean
136.1,35.04,35.5,24.86,73.84,7.27,89.67,cotton
27.39,19.84,37.86,31.36,96.32,7.38,116.17,coconut
113.88,91.38,53.53,28.19,76.6,5.81,83.37,banana
121.57,49.34,35.75,22.71,80.87,6.62,66.96,cotton
17.3,139.19,201.22,23.46,92.36,5.93,128.07,apple
19.8,14.73,32.61,23.12,89.74,5.83,130.64,pomegranate
94.88,22.73,34.64,30.6,59.89,6.4,191.16,coffee
40.78,59.45,89.74,19.79,14.0,7.14,65.92,chickpea
19.8,20.58,9.02,21.71,94.87,7.06,128.77,orange
44.28,65.55,27.42,32.43,67.9,7.16,88.25,blackgram
102.41,49.66,42.05,22.88,82.04,7.0,107.93,cotton
42.32,66.73,81.39,19.77,19.95,7.27,48.03,chickpea
84.21,46.17,40.55,26.3,77.57,6.02,245.93,rice
75.1,60.7,57.25,22.44,71.81,5.95,191.97,jute
50.12,52.29,53.25,33.67,89.26,6.51,147.55,papaya
28.05,82.64,74.69,29.27,48.44,4.83,187.51,pigeonpeas
97.29,26.76,39.5,27.28,55.24,7.2,187.28,coffee
92.12,5.0,52.12,30.9,82.83,6.14,59.94,watermelon
41.52,73.85,82.77,13.25,20.91,8.05,89.27,chickpea
98.15,34.7,39.96,24.3,89.53,6.56,237.7,rice
14.89,15.55,17.51,19.63,94.79,6.42,126.29,orange
46.33,70.57,14.44,29.78,71.56,7.31,92.1,blackgram
94.96,78.23,45.09,27.44,79.51,6.38,116.62,banana
106.78,24.08,51.42,23.64,87.07,6.15,33.88,watermelon
20.98,71.53,80.24,28.06,43.72,5.91,135.28,pigeonpeas
132.06,54.91,49.68,23.56,73.54,6.62,110.39,cotton
81.33,57.5,35.07,22.71,78.15,6.61,165.51,jute
95.37,40.07,32.16,24.73,61.43,6.83,135.03,coffee
19.63,36.21,14.09,27.14,85.02,7.02,22.07,mungbean
97.77,92.99,57.85,24.08,81.04,5.72,124.94,banana
19.38,46.21,8.24,29.01,80.17,6.58,59.16,mungbean
61.29,34.56,34.75,26.08,74.79,6.72,174.16,jute
22.31,118.07,202.48,25.49,81.94,6.39,60.9,grapes
22.67,22.34,20.81,31.33,48.73,6.01,93.61,mango
106.87,11.9,62.85,27.08,91.43,5.82,37.6,muskmelon
26.68,147.82,193.64,22.82,92.25,5.97,114.24,apple
109.91,32.27,32.24,21.52,73.06,6.94,101.79,cotton
100.57,16.27,54.8,26.13,86.81,6.57,54.5,watermelon
111.67,31.06,32.48,26.23,55.56,5.68,145.64,coffee
29.04,62.52,28.57,24.04,65.59,7.32,51.36,lentil
20.91,22.41,9.2,23.29,92.15,7.44,75.79,orange
74.13,60.78,15.21,22.12,69.81,5.71,70.94,maize
35.45,56.44,46.96,35.19,91.43,6.96,146.65,papaya
18.53,12.46,46.0,20.4,84.07,6.09,140.76,pomegranate
57.68,59.04,39.59,32.64,91.97,6.15,141.7,papaya
24.98,15.97,24.27,34.68,51.54,6.37,75.53,mango
8.82,57.84,22.52,24.92,43.92,6.74,61.68,lentil
50.31,40.9,53.18,33.8,93.78,7.14,153.15,papaya
121.85,33.36,53.29,21.03,79.2,6.64,84.59,cotton
20.3,70.63,21.12,23.72,63.26,7.05,30.58,lentil
114.95,54.28,46.22,21.17,82.52,6.78,55.13,cotton
18.15,20.93,44.9,24.42,88.51,5.74,93.02,pomegranate
31.02,26.6,37.51,28.22,92.02,6.03,179.94,coconut
72.61,49.98,22.09,22.91,56.71,6.38,71.22,maize
91.03,55.45,52.39,22.27,78.77,6.66,200.17,rice
79.81,53.16,45.57,24.66,87.36,6.16,206.83,jute
24.75,49.45,13.78,30.68,43.81,5.98,45.07,mothbeans
20.28,17.8,24.78,32.84,44.94,5.65,86.7,mango
14.87,113.28,210.0,23.76,79.95,5.93,89.46,grapes
113.35,37.23,49.77,22.96,78.64,7.22,71.71,cotton
19.2,20.24,43.29,26.85,98.05,5.99,194.96,coconut
73.75,70.03,18.4,25.84,59.92,6.21,98.03,maize
90.68,22.92,56.83,31.05,96.94,6.58,20.0,muskmelon
109.74,17.74,45.49,32.63,87.98,6.57,36.72,muskmelon
16.71,12.5,6.77,23.24,88.51,6.88,117.0,orange
21.52,49.12,18.34,27.9,58.02,6.36,33.64,mothbeans
20.7,51.97,15.81,25.32,82.37,6.72,46.61,mungbean
122.03,50.81,26.9,24.47,76.39,6.49,62.25,cotton
16.58,15.7,6.43,23.09,97.7,6.16,90.57,orange
25.05,29.02,27.03,31.12,40.48,5.83,125.88,mango
88.35,44.68,46.09,24.39,78.09,6.87,222.27,rice
90.69,29.73,12.9,26.44,59.87,6.76,109.77,maize
25.18,66.74,78.73,31.08,50.66,6.1,176.57,pigeonpeas
18.04,30.02,40.97,29.99,48.78,5.71,75.87,mango
47.59,68.76,80.98,18.38,19.86,7.81,76.24,chickpea
90.08,32.73,31.05,26.73,57.72,7.48,185.43,coffee
20.16,15.24,6.72,22.38,93.45,6.67,109.14,orange
19.52,26.39,35.34,29.67,41.23,5.04,103.09,mango
23.12,138.72,199.28,25.54,81.85,5.8,60.79,grapes
78.52,50.1,43.23,21.37,85.46,6.88,226.69,rice
118.12,86.37,31.58,27.02,77.02,6.16,90.24,banana
84.83,40.43,57.07,24.29,83.22,6.61,188.65,jute
114.59,81.37,50.81,29.25,81.81,6.19,104.8,banana
18.07,72.2,72.86,26.34,42.69,5.56,119.39,pigeonpeas
15.55,15.26,11.88,17.67,91.27,6.62,139.05,orange
36.47,82.22,74.78,23.17,18.13,7.21,60.96,chickpea
100.4,19.83,47.86,24.94,88.71,6.51,70.76,watermelon
16.45,54.5,16.14,19.46,73.1,6.81,68.93,lentil
85.8,53.84,40.73,22.48,79.34,7.15,182.81,jute
25.69,77.67,21.17,24.18,57.78,6.68,21.27,lentil
20.02,145.13,176.68,24.63,93.7,6.78,116.22,apple
93.44,27.02,24.08,19.31,59.67,6.25,177.05,coffee
24.43,59.19,22.77,28.04,84.32,7.01,56.66,mungbean
16.22,67.1,70.7,22.19,16.44,4.96,108.94,kidneybeans
81.17,39.79,40.56,25.05,79.65,6.06,189.77,jute
42.57,50.37,49.95,35.59,91.47,6.33,155.97,papaya
41.59,54.29,74.88,19.34,17.21,7.49,61.88,chickpea
21.93,14.51,6.07,29.18,89.5,6.67,92.86,orange
83.23,19.58,48.51,24.46,79.72,6.12,52.1,watermelon
98.66,20.53,25.84,29.2,90.02,6.57,26.22,muskmelon
77.42,48.09,7.16,24.12,72.11,6.75,133.45,maize
115.72,53.8,34.68,26.71,79.23,6.76,59.5,cotton
13.67,74.07,63.01,25.16,57.85,5.59,144.26,pigeonpeas
122.3,48.26,37.61,25.01,81.99,6.34,101.57,cotton
24.7,5.0,16.61,28.91,92.78,6.04,238.67,coconut
21.15,46.65,25.89,27.12,84.28,6.77,26.55,mungbean
28.69,79.47,17.31,24.74,62.29,7.26,42.19,lentil
105.96,17.55,18.3,22.32,58.24,7.14,167.3,coffee
18.8,41.18,20.36,28.46,52.22,6.81,62.96,mothbeans
58.48,45.18,55.95,20.51,86.23,6.04,159.82,jute
101.98,50.27,39.48,26.12,79.42,6.94,75.96,cotton
22.94,12.69,49.17,18.05,89.49,6.78,95.21,pomegranate
17.14,61.57,77.98,24.41,45.1,6.3,140.99,pigeonpeas
13.46,16.01,37.2,27.33,93.74,5.94,221.06,coconut
52.22,63.78,63.69,33.59,91.13,6.53,134.55,papaya
96.18,39.99,35.86,24.39,78.79,6.61,170.48,jute
23.23,19.06,27.54,34.28,47.79,5.17,97.42,mango
97.48,60.51,20.01,23.67,61.68,6.84,111.0,maize
82.52,28.43,37.48,25.26,72.24,6.59,199.81,jute
121.93,38.45,35.24,23.46,89.4,6.67,58.32,cotton
100.72,12.97,45.72,24.99,87.29,7.15,44.68,watermelon
21.84,57.45,68.79,23.57,44.34,5.35,118.71,pigeonpeas
112.39,28.0,21.93,22.8,54.25,6.96,132.01,coffee
25.61,17.83,42.66,23.77,91.14,6.33,92.7,pomegranate
93.71,37.52,16.34,26.38,41.99,7.05,159.48,coffee
20.28,36.83,18.45,29.61,78.05,6.66,59.94,mungbean
34.18,70.49,49.67,35.23,92.35,6.72,146.18,papaya
98.93,14.62,50.11,21.97,90.31,6.67,48.4,watermelon
20.6,91.98,77.13,27.8,46.74,5.38,166.08,pigeonpeas
101.94,12.26,43.15,25.59,86.63,6.45,43.12,watermelon
75.92,42.54,21.53,21.65,60.75,6.09,68.8,maize
24.14,25.11,25.39,32.04,43.71,5.52,124.68,mango
26.39,132.31,188.76,26.5,82.54,6.22,30.05,grapes
19.52,49.49,25.2,29.18,84.69,7.2,20.0,mungbean
75.02,27.46,24.83,24.03,57.67,5.86,94.87,maize
43.28,70.1,20.21,33.03,55.21,6.98,68.66,blackgram
24.38,145.01,203.28,26.14,93.12,5.69,93.78,apple
114.5,57.01,27.22,26.6,84.96,6.58,91.81,cotton
14.82,26.2,41.23,23.54,89.2,6.64,107.9,pomegranate
72.1,42.13,24.84,24.04,58.34,6.29,73.8,maize
15.66,15.25,8.69,25.86,93.93,5.95,122.4,orange
18.98,63.57,13.61,27.66,67.81,7.86,28.94,lentil
28.67,9.88,20.03,23.98,93.88,5.99,192.61,coconut
42.01,69.25,83.92,18.23,16.07,7.26,64.33,chickpea
36.34,70.66,73.9,17.39,16.1,7.04,57.96,chickpea
39.42,68.64,22.48,28.67,64.61,7.24,66.66,blackgram
24.93,71.07,66.76,26.88,47.74,5.16,142.42,pigeonpeas
85.45,49.17,20.19,19.58,67.04,6.83,76.72,maize
26.7,115.48,206.4,25.38,82.81,5.86,89.6,grapes
41.24,67.95,89.88,14.78,14.0,7.2,98.05,chickpea
116.44,16.67,47.4,34.04,92.74,7.18,33.44,muskmelon
22.96,68.46,16.5,21.11,73.33,6.2,28.37,lentil
39.58,59.11,82.79,20.51,14.04,7.05,68.27,chickpea
116.19,28.98,55.44,29.62,94.32,6.41,20.0,muskmelon
58.33,75.31,38.74,34.29,93.89,7.56,142.08,papaya
24.95,17.6,10.41,24.64,91.35,6.68,102.5,orange
35.08,66.33,10.76,28.0,72.7,6.75,83.85,blackgram
41.82,52.19,43.65,36.23,95.84,7.04,124.56,papaya
85.38,31.62,35.92,32.02,63.87,7.16,133.27,coffee
25.51,26.86,35.16,31.0,50.58,5.2,111.97,mango
17.37,11.28,12.37,20.41,91.16,6.73,116.51,orange
113.23,13.47,57.25,31.44,93.61,6.48,20.91,muskmelon
19.44,76.98,75.92,20.85,26.53,5.87,100.19,kidneybeans
24.9,139.85,190.24,25.36,86.98,5.74,88.66,grapes
47.65,62.06,53.75,30.12,96.19,7.13,159.79,papaya
7.9,73.7,11.19,25.78,64.78,6.75,23.11,lentil
20.59,149.77,195.69,23.5,90.63,6.1,116.77,apple
13.15,51.14,24.56,29.48,85.25,6.61,45.73,mungbean
87.53,55.73,36.8,24.49,83.74,6.46,237.34,rice
19.66,53.36,25.22,31.93,79.4,5.76,53.23,mungbean
26.31,11.41,18.03,24.0,91.64,7.26,116.22,orange
22.78,137.24,199.07,27.01,84.01,6.02,50.24,grapes
89.09,40.34,45.65,28.35,76.52,5.94,170.62,jute
22.29,140.96,189.11,25.54,97.77,5.72,106.65,apple
22.1,12.95,33.09,28.5,92.66,5.96,148.27,coconut
22.23,21.26,23.73,31.7,38.63,5.79,55.38,mango
85.81,37.31,28.0,26.66,58.06,7.79,137.79,coffee
22.83,16.42,10.19,23.76,95.62,7.05,115.92,orange
125.76,39.79,57.85,22.21,77.5,7.09,64.99,cotton
18.06,51.08,13.32,27.04,87.46,6.81,20.0,mungbean
27.01,41.85,27.37,28.65,89.67,7.0,46.3,mungbean
28.25,120.34,200.43,23.73,88.07,5.75,64.21,grapes
23.79,75.51,77.84,17.43,22.44,4.96,115.21,kidneybeans
24.14,34.43,19.94,29.43,88.36,6.71,49.06,mungbean
101.53,20.23,48.67,29.31,90.44,6.43,26.47,muskmelon
111.51,13.76,49.91,29.83,94.19,6.17,35.16,muskmelon
46.05,69.73,10.7,25.96,63.1,7.95,76.62,blackgram
19.04,121.67,174.11,25.71,83.67,5.73,67.92,grapes
60.23,56.72,27.47,31.75,93.11,6.21,159.19,papaya
15.85,13.75,47.88,25.82,90.52,6.14,81.37,pomegranate
94.68,26.76,38.78,25.62,81.34,6.67,28.15,watermelon
96.9,13.87,58.31,28.97,94.55,6.57,24.76,muskmelon
94.0,17.09,58.36,27.64,89.54,6.52,23.32,muskmelon
105.14,18.0,50.97,23.89,90.88,6.86,27.73,muskmelon
80.39,31.76,47.87,23.73,83.47,6.68,173.05,jute
21.07,143.16,193.29,20.42,88.67,5.74,95.27,apple
18.21,13.33,6.58,22.11,88.98,7.24,90.13,orange
107.34,11.19,57.57,26.73,80.75,6.58,38.62,watermelon
108.68,20.67,39.86,24.0,67.76,7.69,159.87,coffee
109.95,28.82,35.33,27.95,51.05,6.09,159.29,coffee
24.54,12.52,5.0,23.3,96.12,7.58,112.72,orange
114.32,76.4,44.25,31.0,83.97,5.5,85.27,banana
47.03,64.5,13.78,27.46,60.49,6.05,61.01,blackgram
24.83,136.31,196.04,24.41,94.18,5.59,93.98,apple
28.56,7.99,36.17,30.11,93.04,5.63,142.16,coconut
46.05,66.14,43.66,33.17,91.94,6.54,154.87,papaya
16.67,26.48,19.49,33.43,50.49,5.46,111.28,mango
103.21,79.62,39.32,24.4,79.99,5.1,91.97,banana
21.95,58.15,25.43,30.18,50.78,7.39,41.21,mothbeans
18.28,21.37,12.76,22.36,94.75,6.99,135.71,orange
35.28,66.0,56.41,31.33,92.24,6.87,155.94,papaya
113.11,39.45,39.25,21.35,80.16,7.76,59.96,cotton
87.95,61.79,41.35,23.29,79.64,6.59,209.86,rice
98.63,74.77,61.79,28.28,85.2,5.43,95.82,banana
14.28,41.76,16.6,26.84,45.65,6.85,57.26,mothbeans
16.08,60.83,13.33,27.63,54.32,6.76,48.12,lentil
87.94,21.06,53.07,28.02,92.2,6.17,28.6,muskmelon
23.72,8.4,30.73,28.79,95.3,5.23,158.34,coconut
117.6,86.0,43.3,27.42,89.61,5.79,89.35,banana
51.82,70.37,83.1,18.14,22.79,7.07,72.55,chickpea
22.16,77.3,73.18,19.43,19.67,5.51,106.92,kidneybeans
15.07,72.0,23.17,29.98,74.04,6.92,52.64,lentil
18.75,67.14,94.17,22.49,25.13,5.25,101.23,kidneybeans
104.93,21.48,21.55,27.71,68.65,6.32,145.75,coffee
110.64,88.42,43.78,28.18,81.91,5.68,85.57,banana
118.17,13.28,59.07,28.21,91.9,5.87,24.26,muskmelon
19.78,21.72,39.6,20.11,93.5,6.64,106.03,pomegranate
15.81,126.99,200.93,25.07,92.99,6.03,122.02,apple
23.21,7.92,23.46,27.55,92.46,5.9,133.24,coconut
20.51,83.4,15.49,22.0,60.69,6.88,51.76,lentil
35.78,42.85,46.81,30.38,91.71,5.95,139.33,papaya
23.21,45.29,22.37,27.33,55.43,6.29,25.99,mothbeans
42.23,58.88,16.19,31.29,73.54,7.36,43.44,blackgram
27.96,8.53,22.95,27.0,92.36,5.86,143.64,coconut
51.7,71.02,76.28,19.99,17.87,6.59,85.49,chickpea
76.55,47.71,20.07,20.4,76.67,7.12,168.07,jute
42.44,59.48,61.67,33.08,94.32,6.51,117.53,papaya
16.74,60.52,76.35,15.87,26.96,5.16,125.33,kidneybeans
20.32,61.67,101.78,26.92,35.52,6.44,141.06,pigeonpeas
22.26,7.44,12.44,23.1,84.56,7.17,121.01,orange
20.87,67.55,82.17,17.3,26.21,5.43,99.01,kidneybeans
17.99,146.99,210.0,23.96,95.14,6.08,155.49,apple
26.7,29.78,34.31,33.48,48.32,6.17,83.65,mango
108.9,5.33,41.98,29.43,93.04,6.56,26.72,muskmelon
97.96,46.06,47.12,23.72,82.73,7.5,115.08,jute
16.23,35.05,39.07,30.98,38.85,5.93,102.19,mango
93.94,10.69,49.9,25.62,87.19,6.33,54.29,watermelon
81.38,62.4,48.97,26.57,81.15,6.22,267.84,rice
57.7,43.83,38.63,26.63,86.91,6.98,178.57,jute
18.27,13.53,24.67,31.06,63.56,6.31,90.71,mango
23.75,55.15,79.27,26.69,54.31,6.41,125.85,pigeonpeas
20.29,66.5,77.3,17.54,26.42,5.74,134.35,kidneybeans
39.36,73.15,19.17,28.07,66.88,6.81,81.06,blackgram
33.14,74.39,11.09,29.36,57.54,6.98,61.47,blackgram
99.92,75.19,50.54,25.61,82.88,5.6,80.13,banana
25.05,58.01,18.19,27.39,68.68,6.88,68.64,lentil
24.98,60.8,81.63,20.7,24.13,5.93,107.47,kidneybeans
104.12,84.87,64.46,29.1,80.85,6.06,105.86,banana
31.05,143.62,205.01,24.12,81.95,6.21,80.56,grapes
29.91,82.71,83.02,27.66,45.77,5.14,200.69,pigeonpeas
22.5,53.16,23.57,25.56,58.91,7.31,36.97,lentil
11.65,13.44,49.8,26.33,88.93,5.29,74.0,pomegranate
101.22,45.19,41.85,25.01,86.16,6.09,120.05,cotton
41.07,66.25,80.46,18.84,16.94,6.9,71.61,chickpea
77.22,54.86,17.12,24.46,62.49,6.21,116.96,maize
20.57,140.83,207.96,22.27,93.64,6.02,101.76,apple
35.18,84.11,23.41,30.92,54.69,7.73,84.7,blackgram
18.99,132.59,194.48,26.33,93.81,5.78,75.63,apple
22.08,14.65,37.78,32.58,42.55,5.92,98.25,mango
105.3,84.2,49.98,28.61,81.07,5.62,66.84,banana
25.94,139.76,197.7,23.36,87.33,5.84,109.88,apple
123.84,47.05,50.39,28.99,84.3,7.35,51.76,cotton
68.04,44.19,43.14,26.69,80.37,6.67,219.87,rice
41.33,68.24,19.66,31.74,57.96,7.09,80.73,blackgram
98.47,22.77,41.82,29.71,94.07,7.39,33.15,muskmelon
98.34,16.04,57.63,24.03,84.2,6.09,36.89,watermelon
110.13,34.45,38.12,27.38,59.7,6.96,133.37,coffee
106.4,11.73,56.95,25.89,84.77,6.4,49.8,watermelon
71.16,66.88,34.47,26.55,76.89,7.26,173.01,jute
45.99,66.81,80.37,24.05,17.48,7.98,54.35,chickpea
94.7,53.13,43.33,23.78,81.76,6.08,197.42,jute
19.94,48.28,29.54,28.74,86.72,5.94,45.39,mungbean
21.43,134.1,210.0,22.13,80.9,6.21,89.32,grapes
84.14,42.13,38.72,31.32,82.78,6.97,231.93,jute
18.12,40.99,15.79,27.97,83.03,6.24,32.06,mungbean
25.97,141.47,170.52,22.84,93.36,5.65,114.55,apple
19.02,137.65,173.7,24.7,82.35,6.24,92.69,grapes
17.68,15.72,28.23,26.16,96.71,5.85,166.5,coconut
19.61,48.66,21.33,27.51,59.21,6.78,23.35,mothbeans
86.09,61.63,16.64,26.23,75.09,6.51,67.23,maize
18.63,19.19,27.97,29.04,96.65,5.75,201.2,coconut
16.99,27.36,38.61,22.41,89.03,6.5,120.43,pomegranate
71.18,55.3,32.7,25.13,80.08,6.89,145.43,jute
90.74,89.6,45.25,29.45,87.74,5.55,77.76,banana
20.46,75.23,85.35,28.87,33.71,5.37,170.08,pigeonpeas
36.57,51.99,19.29,30.92,59.28,6.7,65.21,blackgram
76.83,39.61,37.04,24.84,85.07,6.18,300.0,rice
24.7,81.69,87.43,27.3,45.58,6.3,141.54,pigeonpeas
22.62,36.18,37.74,31.92,54.55,5.45,78.63,mango
16.45,24.49,31.11,16.86,90.52,6.45,95.41,pomegranate
32.53,121.47,210.0,24.29,80.77,6.11,36.45,grapes
24.4,140.35,194.54,27.42,97.79,6.02,139.19,apple
46.9,66.87,16.4,27.5,61.69,7.0,84.3,blackgram
16.47,11.75,6.55,18.61,93.93,6.8,95.83,orange
79.58,38.85,24.66,23.56,66.13,6.42,77.14,maize
108.79,25.2,38.17,24.51,54.84,7.67,160.25,coffee
104.21,21.36,47.51,32.09,90.78,5.92,25.46,muskmelon
23.22,59.93,66.64,16.54,16.41,6.04,97.77,kidneybeans
25.01,128.35,200.09,25.09,75.08,5.75,70.16,grapes
14.09,69.38,79.62,26.97,45.64,5.6,173.46,pigeonpeas
104.5,30.87,30.38,25.9,80.56,6.93,199.83,coffee
18.89,21.7,12.57,23.15,91.6,6.37,113.18,orange
95.14,89.02,69.13,30.86,84.24,5.4,101.92,banana
28.79,37.93,44.52,33.58,41.5,5.86,86.6,mango
21.96,135.11,186.44,23.06,77.15,6.17,36.73,grapes
26.3,52.86,13.53,19.87,64.12,7.29,33.27,lentil
